symbol,articlesInLastWeek,companyNewsScore,bearishPercent,bullishPercent,averageSentimentScore,totalArticles,sectorAverageBullishPercent,sectorAverageNewsScore,sector,marketCap,peRatio,price
BGM,4,0.9,0.0,1.0,0.8,4,0.0,0.0,Unknown,0.0,0.0,0.0
CART,3,0.8167,0.0,1.0,0.6333,3,0.0,0.0,Unknown,0.0,0.0,0.0
BBY,19,0.8084,0.0,1.0,0.6167,19,0.4488,0.5652,Consumer Cyclical,13848498176.0,15.29,65.42
CYBR,3,0.7833,0.0,1.0,0.5667,3,0.0,0.0,Unknown,0.0,0.0,0.0
NSCIF,3,0.7803,0.0,1.0,0.5606,3,0.0,0.0,Unknown,0.0,0.0,0.0
AGS,3,0.775,0.0,1.0,0.55,3,0.0,0.0,Unknown,0.0,0.0,0.0
HBFG,4,0.7749,0.0,1.0,0.5498,4,0.0,0.0,Unknown,0.0,0.0,0.0
CPK,3,0.7736,0.0,1.0,0.5472,3,0.0,0.0,Unknown,0.0,0.0,0.0
ING,4,0.7604,0.0,1.0,0.5208,4,0.0,0.0,Unknown,0.0,0.0,0.0
FWONK,3,0.75,0.0,1.0,0.5,3,0.0,0.0,Unknown,0.0,0.0,0.0
MGMNF,4,0.748,0.0,1.0,0.496,4,0.0,0.0,Unknown,0.0,0.0,0.0
LRCX,6,0.7475,0.0,1.0,0.495,6,0.5672,0.5757,Technology,107343749120.0,23.38,83.92
SSRM,3,0.7456,0.0,1.0,0.4911,3,0.0,0.0,Unknown,0.0,0.0,0.0
QSR,6,0.7428,0.0,1.0,0.4857,6,0.0,0.0,Unknown,0.0,0.0,0.0
HNI,8,0.7406,0.0,1.0,0.4813,8,0.0,0.0,Unknown,0.0,0.0,0.0
ATRO,4,0.734,0.0,1.0,0.4681,4,0.0,0.0,Unknown,0.0,0.0,0.0
BFAM,3,0.7306,0.0,1.0,0.4611,3,0.0,0.0,Unknown,0.0,0.0,0.0
FI,4,0.7242,0.0,0.75,0.4484,4,0.5672,0.5757,Technology,88476573696.0,28.29,159.58
NWG,3,0.7189,0.0,1.0,0.4378,3,0.0,0.0,Unknown,0.0,0.0,0.0
QBTS,4,0.7188,0.0,0.75,0.4375,4,0.0,0.0,Unknown,0.0,0.0,0.0
PBI,3,0.7186,0.0,1.0,0.4371,3,0.0,0.0,Unknown,0.0,0.0,0.0
LTBR,4,0.7181,0.0,1.0,0.4362,4,0.0,0.0,Unknown,0.0,0.0,0.0
SKYH,3,0.7167,0.0,1.0,0.4333,3,0.0,0.0,Unknown,0.0,0.0,0.0
BMA,5,0.715,0.0,1.0,0.43,5,0.0,0.0,Unknown,0.0,0.0,0.0
MSEX,4,0.7123,0.0,0.75,0.4245,4,0.0,0.0,Unknown,0.0,0.0,0.0
BOSC,3,0.7083,0.0,1.0,0.4167,3,0.0,0.0,Unknown,0.0,0.0,0.0
PLMR,4,0.7055,0.0,0.75,0.411,4,0.0,0.0,Unknown,0.0,0.0,0.0
PAHC,6,0.7011,0.0,1.0,0.4023,6,0.0,0.0,Unknown,0.0,0.0,0.0
NXPI,4,0.7,0.0,0.5,0.4,4,0.5672,0.5757,Technology,49565806592.0,21.37,196.2
BJ,4,0.7,0.0,1.0,0.4,4,0.0,0.0,Unknown,0.0,0.0,0.0
GFGF,4,0.7,0.0,1.0,0.4,4,0.0,0.0,Unknown,0.0,0.0,0.0
OC,3,0.7,0.0,1.0,0.4,3,0.0,0.0,Unknown,0.0,0.0,0.0
BROS,3,0.7,0.0,1.0,0.4,3,0.0,0.0,Unknown,0.0,0.0,0.0
TKOMY,4,0.6989,0.0,1.0,0.3979,4,0.0,0.0,Unknown,0.0,0.0,0.0
LASR,3,0.6979,0.0,0.6667,0.3958,3,0.0,0.0,Unknown,0.0,0.0,0.0
ROMJF,3,0.6944,0.0,0.6667,0.3889,3,0.0,0.0,Unknown,0.0,0.0,0.0
AU,5,0.6943,0.0,0.8,0.3885,5,0.0,0.0,Unknown,0.0,0.0,0.0
LGI,12,0.6939,0.0,1.0,0.3878,12,0.0,0.0,Unknown,0.0,0.0,0.0
NCR,4,0.6935,0.0,1.0,0.387,4,0.0,0.0,Unknown,0.0,0.0,0.0
ISNPY,3,0.6931,0.0,1.0,0.3862,3,0.0,0.0,Unknown,0.0,0.0,0.0
HIMS,5,0.6922,0.0,1.0,0.3843,5,0.0,0.0,Unknown,0.0,0.0,0.0
TEAM,3,0.6904,0.0,0.6667,0.3809,3,0.0,0.0,Unknown,0.0,0.0,0.0
IPM,9,0.6889,0.0,1.0,0.3778,9,0.0,0.0,Unknown,0.0,0.0,0.0
UAL,10,0.6872,0.0,0.8,0.3744,10,0.5128,0.5687,Industrials,25848834048.0,7.2,79.14
LTH,3,0.6866,0.0,1.0,0.3733,3,0.0,0.0,Unknown,0.0,0.0,0.0
ZTS,3,0.6852,0.0,1.0,0.3704,3,0.5927,0.5837,Healthcare,74220625920.0,29.93,166.71
AES,9,0.6836,0.0,0.7778,0.3673,9,0.6583,0.6078,Utilities,7062276096.0,5.39,9.92
CLSK,3,0.6833,0.0,1.0,0.3667,3,0.0,0.0,Unknown,0.0,0.0,0.0
HWM,4,0.6813,0.0,0.5,0.3627,4,0.5128,0.5687,Industrials,68200718336.0,55.03,168.95
QQQ,7,0.6794,0.0,0.7143,0.3588,7,0.0,0.0,Unknown,0.0,0.0,0.0
PB,3,0.6779,0.0,0.6667,0.3559,3,0.0,0.0,Unknown,0.0,0.0,0.0
UAE,7,0.6774,0.0,0.4286,0.3547,7,0.0,0.0,Unknown,0.0,0.0,0.0
NICE,14,0.6771,0.0,1.0,0.3543,14,0.0,0.0,Unknown,0.0,0.0,0.0
DHR,4,0.677,0.0,1.0,0.354,4,0.5927,0.5837,Healthcare,136564154368.0,36.98,190.82
ETSY,4,0.675,0.0,0.5,0.35,4,0.0,0.0,Unknown,0.0,0.0,0.0
VZ,6,0.6742,0.0,0.6667,0.3485,6,0.5255,0.5696,Communication Services,182500392960.0,10.31,43.28
XTWO,4,0.6741,0.0,1.0,0.3481,4,0.0,0.0,Unknown,0.0,0.0,0.0
CHA,3,0.6741,0.0,1.0,0.3482,3,0.0,0.0,Unknown,0.0,0.0,0.0
KKR,7,0.6738,0.2857,0.7143,0.3476,7,0.3882,0.5556,Financial Services,112112320512.0,52.23,121.18
HMY,3,0.673,0.0,0.6667,0.346,3,0.0,0.0,Unknown,0.0,0.0,0.0
PEG,7,0.6711,0.0,0.8571,0.3422,7,0.6583,0.6078,Utilities,39163858944.0,21.44,78.48
XOM,10,0.6709,0.0,0.9,0.3418,10,0.4139,0.5598,Energy,438979952640.0,13.51,101.86
RAIL,3,0.6706,0.0,1.0,0.3413,3,0.0,0.0,Unknown,0.0,0.0,0.0
BTSG,3,0.6694,0.0,1.0,0.3389,3,0.0,0.0,Unknown,0.0,0.0,0.0
GIS,4,0.6687,0.0,0.75,0.3375,4,0.5072,0.5582,Consumer Defensive,29425340416.0,11.81,53.74
VYX,3,0.6677,0.0,1.0,0.3354,3,0.0,0.0,Unknown,0.0,0.0,0.0
DUOL,4,0.6668,0.0,1.0,0.3336,4,0.0,0.0,Unknown,0.0,0.0,0.0
PL,3,0.6667,0.0,0.6667,0.3333,3,0.0,0.0,Unknown,0.0,0.0,0.0
LUMN,3,0.6667,0.0,0.6667,0.3333,3,0.0,0.0,Unknown,0.0,0.0,0.0
CW,5,0.6662,0.0,0.6,0.3324,5,0.0,0.0,Unknown,0.0,0.0,0.0
NNN,6,0.6659,0.0,1.0,0.3318,6,0.0,0.0,Unknown,0.0,0.0,0.0
PBYI,3,0.6647,0.0,1.0,0.3294,3,0.0,0.0,Unknown,0.0,0.0,0.0
FIS,6,0.6643,0.0,1.0,0.3286,6,0.5672,0.5757,Technology,41112158208.0,49.84,78.25
SBFG,3,0.6635,0.0,1.0,0.327,3,0.0,0.0,Unknown,0.0,0.0,0.0
APA,8,0.6594,0.0,1.0,0.3187,8,0.4139,0.5598,Energy,6172253184.0,6.13,17.1
NVR,3,0.6592,0.0,1.0,0.3185,3,0.4488,0.5652,Consumer Cyclical,20649256960.0,14.56,7062.4
IR,44,0.6591,0.0,0.7727,0.3182,44,0.5128,0.5687,Industrials,32950822912.0,40.43,81.67
GEN,3,0.6573,0.0,1.0,0.3146,3,0.5672,0.5757,Technology,17292818432.0,27.07,27.88
KGC,5,0.6572,0.0,1.0,0.3144,5,0.0,0.0,Unknown,0.0,0.0,0.0
PLBY,4,0.6562,0.0,1.0,0.3125,4,0.0,0.0,Unknown,0.0,0.0,0.0
COHR,3,0.6558,0.0,1.0,0.3115,3,0.0,0.0,Unknown,0.0,0.0,0.0
HEINY,3,0.6557,0.0,0.6667,0.3114,3,0.0,0.0,Unknown,0.0,0.0,0.0
LMB,3,0.6556,0.0,0.6667,0.3111,3,0.0,0.0,Unknown,0.0,0.0,0.0
WEC,4,0.6555,0.0,0.75,0.3109,4,0.6583,0.6078,Utilities,33735657472.0,20.61,105.71
Z,12,0.6542,0.0,0.6667,0.3083,12,0.0,0.0,Unknown,0.0,0.0,0.0
HAS,4,0.654,0.0,1.0,0.3081,4,0.4488,0.5652,Consumer Cyclical,9329788928.0,21.97,66.58
BWEN,3,0.6539,0.0,1.0,0.3078,3,0.0,0.0,Unknown,0.0,0.0,0.0
AZZ,10,0.6533,0.0,1.0,0.3067,10,0.0,0.0,Unknown,0.0,0.0,0.0
FRT,3,0.6533,0.0,0.6667,0.3066,3,0.3795,0.5445,Real Estate,8363641856.0,27.67,96.28
PREM,4,0.6531,0.0,1.0,0.3063,4,0.0,0.0,Unknown,0.0,0.0,0.0
GLDD,7,0.6527,0.0,0.8571,0.3054,7,0.0,0.0,Unknown,0.0,0.0,0.0
SKYT,7,0.6523,0.0,1.0,0.3046,7,0.0,0.0,Unknown,0.0,0.0,0.0
AM,143,0.6519,0.0,0.8252,0.3038,143,0.0,0.0,Unknown,0.0,0.0,0.0
BBD,5,0.6516,0.0,0.8,0.3032,5,0.0,0.0,Unknown,0.0,0.0,0.0
LRGF,4,0.6514,0.0,1.0,0.3028,4,0.0,0.0,Unknown,0.0,0.0,0.0
TRMB,3,0.6513,0.0,1.0,0.3025,3,0.5672,0.5757,Technology,16975465472.0,11.61,71.15
AMRX,3,0.6513,0.0,1.0,0.3027,3,0.0,0.0,Unknown,0.0,0.0,0.0
ADBE,7,0.6506,0.0,1.0,0.3012,7,0.5672,0.5757,Technology,175752085504.0,27.26,412.37
HCI,4,0.65,0.0,1.0,0.3,4,0.0,0.0,Unknown,0.0,0.0,0.0
HTHIY,3,0.65,0.0,0.6667,0.3,3,0.0,0.0,Unknown,0.0,0.0,0.0
ABR,3,0.65,0.0,1.0,0.3,3,0.0,0.0,Unknown,0.0,0.0,0.0
VKTX,4,0.6496,0.0,1.0,0.2992,4,0.0,0.0,Unknown,0.0,0.0,0.0
RYAAY,7,0.6495,0.0,0.5714,0.299,7,0.0,0.0,Unknown,0.0,0.0,0.0
XLF,4,0.6495,0.0,1.0,0.2989,4,0.0,0.0,Unknown,0.0,0.0,0.0
TSCO,4,0.6493,0.0,0.75,0.2985,4,0.4488,0.5652,Consumer Cyclical,26009108480.0,24.41,49.06
MSFT,12,0.649,0.0,0.6667,0.2979,12,0.5672,0.5757,Technology,3403806146560.0,35.39,457.96
NOC,4,0.6484,0.0,0.75,0.2968,4,0.5128,0.5687,Industrials,68545708032.0,18.8,476.25
ELEK,15,0.6482,0.0,1.0,0.2963,15,0.0,0.0,Unknown,0.0,0.0,0.0
MTZ,4,0.6478,0.0,0.75,0.2956,4,0.0,0.0,Unknown,0.0,0.0,0.0
DUK,3,0.6472,0.0,0.6667,0.2944,3,0.6583,0.6078,Utilities,89290203136.0,19.05,114.88
KBWP,5,0.6469,0.0,0.6,0.2938,5,0.0,0.0,Unknown,0.0,0.0,0.0
LUV,10,0.6457,0.0,0.8,0.2914,10,0.5128,0.5687,Industrials,19198783488.0,37.85,33.69
WAB,4,0.6455,0.0,1.0,0.2911,4,0.5128,0.5687,Industrials,34241028096.0,31.36,200.09
YTRA,3,0.6447,0.0,0.6667,0.2894,3,0.0,0.0,Unknown,0.0,0.0,0.0
BSAC,3,0.6446,0.0,1.0,0.2892,3,0.0,0.0,Unknown,0.0,0.0,0.0
NTES,5,0.6444,0.0,1.0,0.2889,5,0.0,0.0,Unknown,0.0,0.0,0.0
SUPV,5,0.6437,0.0,0.6,0.2874,5,0.0,0.0,Unknown,0.0,0.0,0.0
CAVA,5,0.6433,0.0,0.8,0.2867,5,0.0,0.0,Unknown,0.0,0.0,0.0
TTEC,4,0.6433,0.0,1.0,0.2867,4,0.0,0.0,Unknown,0.0,0.0,0.0
ECC,8,0.6428,0.0,0.625,0.2857,8,0.0,0.0,Unknown,0.0,0.0,0.0
PWR,3,0.6421,0.0,1.0,0.2841,3,0.5128,0.5687,Industrials,49989378048.0,54.49,337.31
GILD,7,0.6419,0.0,0.7143,0.2838,7,0.5927,0.5837,Healthcare,137423159296.0,23.21,110.48
SCVL,6,0.6417,0.0,0.6667,0.2833,6,0.0,0.0,Unknown,0.0,0.0,0.0
CURI,4,0.6417,0.0,0.5,0.2833,4,0.0,0.0,Unknown,0.0,0.0,0.0
PET,4,0.6417,0.0,0.5,0.2833,4,0.0,0.0,Unknown,0.0,0.0,0.0
GCT,3,0.6417,0.0,1.0,0.2833,3,0.0,0.0,Unknown,0.0,0.0,0.0
ONAR,4,0.6406,0.0,1.0,0.2812,4,0.0,0.0,Unknown,0.0,0.0,0.0
CNC,7,0.6403,0.0,0.8571,0.2806,7,0.5927,0.5837,Healthcare,28032464896.0,8.31,56.34
CIO,8,0.6397,0.0,0.875,0.2794,8,0.0,0.0,Unknown,0.0,0.0,0.0
AKZOY,3,0.6393,0.0,0.6667,0.2786,3,0.0,0.0,Unknown,0.0,0.0,0.0
KSM,3,0.6389,0.0,1.0,0.2778,3,0.0,0.0,Unknown,0.0,0.0,0.0
FTDS,4,0.6375,0.0,1.0,0.275,4,0.0,0.0,Unknown,0.0,0.0,0.0
EVAX,4,0.6375,0.0,0.75,0.275,4,0.0,0.0,Unknown,0.0,0.0,0.0
DEX,4,0.6372,0.0,1.0,0.2744,4,0.0,0.0,Unknown,0.0,0.0,0.0
PHR,9,0.637,0.0,0.7778,0.2741,9,0.0,0.0,Unknown,0.0,0.0,0.0
EOG,21,0.6369,0.0,0.5714,0.2737,21,0.4139,0.5598,Energy,59916496896.0,10.16,109.78
STNE,5,0.6366,0.0,0.8,0.2731,5,0.0,0.0,Unknown,0.0,0.0,0.0
UTF,3,0.6366,0.0,1.0,0.2731,3,0.0,0.0,Unknown,0.0,0.0,0.0
SB,5,0.6359,0.0,0.8,0.2718,5,0.0,0.0,Unknown,0.0,0.0,0.0
API,4,0.6359,0.0,0.75,0.2718,4,0.0,0.0,Unknown,0.0,0.0,0.0
APR,22,0.6351,0.0,1.0,0.2702,22,0.0,0.0,Unknown,0.0,0.0,0.0
QDTE,4,0.6349,0.0,1.0,0.2699,4,0.0,0.0,Unknown,0.0,0.0,0.0
FEPI,3,0.6349,0.0,1.0,0.2699,3,0.0,0.0,Unknown,0.0,0.0,0.0
SNT,5,0.6342,0.0,0.8,0.2683,5,0.0,0.0,Unknown,0.0,0.0,0.0
WWE,3,0.6341,0.0,1.0,0.2682,3,0.0,0.0,Unknown,0.0,0.0,0.0
UPS,7,0.6336,0.0,1.0,0.2672,7,0.5128,0.5687,Industrials,83062415360.0,14.32,98.09
CHTR,3,0.6333,0.0,0.6667,0.2667,3,0.5255,0.5696,Communication Services,55587885056.0,11.23,402.42
STRL,9,0.633,0.0,0.6667,0.2659,9,0.0,0.0,Unknown,0.0,0.0,0.0
PM,108,0.632,0.0185,0.7315,0.2639,108,0.5072,0.5582,Consumer Defensive,273636212736.0,27.69,175.8
KMPR,5,0.632,0.0,0.6,0.264,5,0.0,0.0,Unknown,0.0,0.0,0.0
MBX,3,0.6318,0.0,1.0,0.2636,3,0.0,0.0,Unknown,0.0,0.0,0.0
GS,8,0.6313,0.0,0.75,0.2626,8,0.3882,0.5556,Financial Services,184569462784.0,13.96,601.52
AMBA,7,0.6311,0.0,0.8571,0.2621,7,0.0,0.0,Unknown,0.0,0.0,0.0
DXLG,4,0.6305,0.0,1.0,0.261,4,0.0,0.0,Unknown,0.0,0.0,0.0
CCS,3,0.6298,0.0,1.0,0.2596,3,0.0,0.0,Unknown,0.0,0.0,0.0
LMT,9,0.6293,0.0,1.0,0.2586,9,0.5128,0.5687,Industrials,110469742592.0,20.31,471.5
RTX,21,0.6291,0.0,0.8095,0.2583,21,0.5128,0.5687,Industrials,179097452544.0,39.31,134.06
CCC,9,0.6291,0.0,0.7778,0.2583,9,0.0,0.0,Unknown,0.0,0.0,0.0
ODP,15,0.6288,0.0,0.7333,0.2577,15,0.0,0.0,Unknown,0.0,0.0,0.0
MCK,5,0.6287,0.0,1.0,0.2573,5,0.5927,0.5837,Healthcare,88877498368.0,27.66,711.02
ICVT,4,0.6286,0.0,1.0,0.2571,4,0.0,0.0,Unknown,0.0,0.0,0.0
ARI,3,0.6281,0.0,0.6667,0.2562,3,0.0,0.0,Unknown,0.0,0.0,0.0
SOFI,14,0.628,0.0,0.6429,0.256,14,0.0,0.0,Unknown,0.0,0.0,0.0
ULTA,11,0.6271,0.0,0.5455,0.2541,11,0.4488,0.5652,Consumer Cyclical,18935029760.0,16.54,419.4
SDY,3,0.6265,0.0,1.0,0.253,3,0.0,0.0,Unknown,0.0,0.0,0.0
TXN,8,0.6261,0.0,0.25,0.2523,8,0.5672,0.5757,Technology,167245152256.0,34.8,184.1
NVO,7,0.6261,0.0,0.8571,0.2521,7,0.0,0.0,Unknown,0.0,0.0,0.0
SPMC,5,0.6257,0.0,0.8,0.2514,5,0.0,0.0,Unknown,0.0,0.0,0.0
LADR,3,0.6254,0.0,0.6667,0.2509,3,0.0,0.0,Unknown,0.0,0.0,0.0
CMG,9,0.6251,0.0,0.7778,0.2502,9,0.4488,0.5652,Consumer Cyclical,67617935360.0,44.41,50.19
PPX,5,0.625,0.0,1.0,0.25,5,0.0,0.0,Unknown,0.0,0.0,0.0
ADT,3,0.625,0.0,1.0,0.25,3,0.0,0.0,Unknown,0.0,0.0,0.0
TOL,5,0.6246,0.0,0.8,0.2492,5,0.0,0.0,Unknown,0.0,0.0,0.0
OTCM,3,0.6245,0.0,1.0,0.2491,3,0.0,0.0,Unknown,0.0,0.0,0.0
SPY,22,0.6234,0.0,0.6364,0.2467,22,0.0,0.0,Unknown,0.0,0.0,0.0
DOMO,3,0.6234,0.0,0.6667,0.2468,3,0.0,0.0,Unknown,0.0,0.0,0.0
RHHBY,4,0.623,0.0,1.0,0.2461,4,0.0,0.0,Unknown,0.0,0.0,0.0
ARTY,3,0.6228,0.0,1.0,0.2457,3,0.0,0.0,Unknown,0.0,0.0,0.0
UGI,5,0.6222,0.0,0.6,0.2445,5,0.0,0.0,Unknown,0.0,0.0,0.0
FTNT,3,0.6221,0.0,0.6667,0.2442,3,0.5672,0.5757,Technology,77944758272.0,41.73,101.83
ACV,4,0.6217,0.0,0.25,0.2433,4,0.0,0.0,Unknown,0.0,0.0,0.0
UHAL,4,0.6215,0.0,1.0,0.2431,4,0.0,0.0,Unknown,0.0,0.0,0.0
KB,9,0.6214,0.0,0.7778,0.2429,9,0.0,0.0,Unknown,0.0,0.0,0.0
DTE,9,0.6213,0.0,0.5556,0.2426,9,0.6583,0.6078,Utilities,28088328192.0,18.29,135.35
RQI,3,0.6208,0.0,1.0,0.2417,3,0.0,0.0,Unknown,0.0,0.0,0.0
DBA,3,0.6208,0.0,1.0,0.2417,3,0.0,0.0,Unknown,0.0,0.0,0.0
PBH,3,0.6204,0.0,0.6667,0.2409,3,0.0,0.0,Unknown,0.0,0.0,0.0
CVALF,4,0.6203,0.0,0.75,0.2406,4,0.0,0.0,Unknown,0.0,0.0,0.0
ALUR,4,0.62,0.0,1.0,0.24,4,0.0,0.0,Unknown,0.0,0.0,0.0
JSI,3,0.62,0.0,1.0,0.24,3,0.0,0.0,Unknown,0.0,0.0,0.0
AEVA,3,0.62,0.0,1.0,0.24,3,0.0,0.0,Unknown,0.0,0.0,0.0
MNTN,3,0.6199,0.0,1.0,0.2397,3,0.0,0.0,Unknown,0.0,0.0,0.0
TWLO,5,0.6196,0.0,0.8,0.2392,5,0.0,0.0,Unknown,0.0,0.0,0.0
KBH,4,0.6194,0.0,0.5,0.2389,4,0.0,0.0,Unknown,0.0,0.0,0.0
WRD,3,0.6194,0.0,1.0,0.2389,3,0.0,0.0,Unknown,0.0,0.0,0.0
ACM,4,0.6193,0.25,0.75,0.2387,4,0.0,0.0,Unknown,0.0,0.0,0.0
GGN,3,0.619,0.0,1.0,0.2381,3,0.0,0.0,Unknown,0.0,0.0,0.0
MNDY,4,0.6189,0.0,0.75,0.2377,4,0.0,0.0,Unknown,0.0,0.0,0.0
MARA,4,0.6188,0.0,1.0,0.2375,4,0.0,0.0,Unknown,0.0,0.0,0.0
POWL,3,0.6185,0.0,1.0,0.237,3,0.0,0.0,Unknown,0.0,0.0,0.0
POLB,9,0.6181,0.0,0.5556,0.2362,9,0.0,0.0,Unknown,0.0,0.0,0.0
APP,15,0.6176,0.0,0.6667,0.2352,15,0.0,0.0,Unknown,0.0,0.0,0.0
OKLO,11,0.6171,0.0,0.8182,0.2343,11,0.0,0.0,Unknown,0.0,0.0,0.0
ARKO,6,0.6167,0.0,1.0,0.2333,6,0.0,0.0,Unknown,0.0,0.0,0.0
BIRD,5,0.6167,0.0,0.6,0.2333,5,0.0,0.0,Unknown,0.0,0.0,0.0
NTG,4,0.6167,0.0,1.0,0.2333,4,0.0,0.0,Unknown,0.0,0.0,0.0
STLD,5,0.6164,0.0,1.0,0.2329,5,0.3968,0.543,Basic Materials,18521864192.0,16.37,124.76
HPE,4,0.6161,0.0,1.0,0.2321,4,0.5672,0.5757,Technology,23145281536.0,8.47,17.62
NGD,5,0.6158,0.0,0.6,0.2315,5,0.0,0.0,Unknown,0.0,0.0,0.0
VTI,3,0.6156,0.0,1.0,0.2313,3,0.0,0.0,Unknown,0.0,0.0,0.0
DAVE,16,0.6155,0.0,0.9375,0.2311,16,0.0,0.0,Unknown,0.0,0.0,0.0
KSS,12,0.6155,0.0,0.5,0.2311,12,0.0,0.0,Unknown,0.0,0.0,0.0
TD,84,0.6153,0.0238,0.6667,0.2306,84,0.0,0.0,Unknown,0.0,0.0,0.0
HSAI,4,0.6147,0.0,0.75,0.2295,4,0.0,0.0,Unknown,0.0,0.0,0.0
MS,10,0.6146,0.1,0.7,0.2291,10,0.3882,0.5556,Financial Services,203844894720.0,14.9,127.06
HOLX,5,0.6146,0.0,0.6,0.2292,5,0.5927,0.5837,Healthcare,14060516352.0,26.51,63.1
ZH,4,0.6146,0.0,0.75,0.2292,4,0.0,0.0,Unknown,0.0,0.0,0.0
NAT,4,0.6146,0.0,1.0,0.2292,4,0.0,0.0,Unknown,0.0,0.0,0.0
ICE,6,0.6145,0.0,0.8333,0.229,6,0.3882,0.5556,Financial Services,101959147520.0,36.72,177.74
CVS,12,0.6144,0.0,0.5,0.2287,12,0.5927,0.5837,Healthcare,79329402880.0,14.97,62.71
OMVKY,3,0.6144,0.0,1.0,0.2289,3,0.0,0.0,Unknown,0.0,0.0,0.0
NBIS,7,0.6141,0.0,1.0,0.2281,7,0.0,0.0,Unknown,0.0,0.0,0.0
WATT,6,0.6139,0.0,1.0,0.2278,6,0.0,0.0,Unknown,0.0,0.0,0.0
ALB,3,0.6139,0.0,1.0,0.2278,3,0.3968,0.543,Basic Materials,6803159040.0,NaN,57.82
GOOD,3,0.6136,0.0,1.0,0.2273,3,0.0,0.0,Unknown,0.0,0.0,0.0
NRG,6,0.6135,0.0,0.8333,0.2269,6,0.6583,0.6078,Utilities,30030338048.0,24.42,153.6
SJNK,4,0.6133,0.0,1.0,0.2266,4,0.0,0.0,Unknown,0.0,0.0,0.0
CNP,4,0.6131,0.0,0.5,0.2261,4,0.6583,0.6078,Utilities,24140492800.0,24.99,36.98
NU,4,0.613,0.0,1.0,0.2261,4,0.0,0.0,Unknown,0.0,0.0,0.0
PYPL,14,0.6128,0.0,0.5714,0.2255,14,0.3882,0.5556,Financial Services,69093605376.0,15.97,71.04
AEM,6,0.6126,0.0,1.0,0.2252,6,0.0,0.0,Unknown,0.0,0.0,0.0
GEF,4,0.6124,0.0,0.5,0.2247,4,0.0,0.0,Unknown,0.0,0.0,0.0
VLCN,4,0.612,0.0,1.0,0.224,4,0.0,0.0,Unknown,0.0,0.0,0.0
SNOW,9,0.6119,0.0,0.7778,0.2237,9,0.0,0.0,Unknown,0.0,0.0,0.0
JNJ,8,0.6112,0.0,0.875,0.2223,8,0.5927,0.5837,Healthcare,369427972096.0,17.08,153.54
GVA,3,0.6111,0.0,0.3333,0.2222,3,0.0,0.0,Unknown,0.0,0.0,0.0
TRV,4,0.611,0.0,0.75,0.222,4,0.3882,0.5556,Financial Services,61801222144.0,14.86,272.77
CVW,5,0.6108,0.0,1.0,0.2217,5,0.0,0.0,Unknown,0.0,0.0,0.0
BTG,8,0.6107,0.0,0.625,0.2214,8,0.0,0.0,Unknown,0.0,0.0,0.0
WDAY,7,0.6107,0.0,0.8571,0.2215,7,0.5672,0.5757,Technology,64025698304.0,133.42,240.16
HLNE,6,0.6104,0.0,0.6667,0.2208,6,0.0,0.0,Unknown,0.0,0.0,0.0
SCHG,7,0.6103,0.0,1.0,0.2207,7,0.0,0.0,Unknown,0.0,0.0,0.0
TLRY,5,0.6103,0.0,0.6,0.2205,5,0.0,0.0,Unknown,0.0,0.0,0.0
AGNC,12,0.6102,0.0,0.5833,0.2205,12,0.0,0.0,Unknown,0.0,0.0,0.0
CVNA,13,0.61,0.0,0.5385,0.22,13,0.0,0.0,Unknown,0.0,0.0,0.0
TYG,4,0.61,0.0,1.0,0.22,4,0.0,0.0,Unknown,0.0,0.0,0.0
JPM,3,0.6097,0.0,0.3333,0.2194,3,0.3882,0.5556,Financial Services,730178060288.0,12.9,262.74
CTSH,6,0.6096,0.0,0.6667,0.2193,6,0.5672,0.5757,Technology,39625146368.0,16.92,80.39
RISR,6,0.6095,0.0,1.0,0.219,6,0.0,0.0,Unknown,0.0,0.0,0.0
SYF,4,0.609,0.0,0.75,0.2181,4,0.3882,0.5556,Financial Services,22108559360.0,7.96,58.08
HALO,6,0.6085,0.0,0.6667,0.2169,6,0.0,0.0,Unknown,0.0,0.0,0.0
ABM,9,0.6083,0.0,0.5556,0.2165,9,0.0,0.0,Unknown,0.0,0.0,0.0
AXON,6,0.6083,0.0,0.6667,0.2167,6,0.5128,0.5687,Industrials,57970819072.0,180.3,744.64
SKT,4,0.6083,0.0,0.5,0.2167,4,0.0,0.0,Unknown,0.0,0.0,0.0
SKYW,10,0.6077,0.0,1.0,0.2154,10,0.0,0.0,Unknown,0.0,0.0,0.0
VIG,15,0.6076,0.0,0.9333,0.2151,15,0.0,0.0,Unknown,0.0,0.0,0.0
CVX,9,0.6069,0.0,0.6667,0.2138,9,0.4139,0.5598,Energy,236206882816.0,15.58,136.36
QQQX,3,0.6069,0.0,1.0,0.2138,3,0.0,0.0,Unknown,0.0,0.0,0.0
BURL,12,0.6068,0.0,0.75,0.2136,12,0.0,0.0,Unknown,0.0,0.0,0.0
URBN,16,0.6065,0.0,0.75,0.213,16,0.0,0.0,Unknown,0.0,0.0,0.0
NOW,5,0.6063,0.0,1.0,0.2127,5,0.5672,0.5757,Technology,208802381824.0,137.25,1008.79
CRMT,3,0.606,0.0,0.6667,0.212,3,0.0,0.0,Unknown,0.0,0.0,0.0
WMT,24,0.6059,0.0,0.5833,0.2119,24,0.5072,0.5582,Consumer Defensive,778566565888.0,41.59,97.31
STRT,5,0.6056,0.0,0.8,0.2113,5,0.0,0.0,Unknown,0.0,0.0,0.0
AAGFF,3,0.6056,0.0,1.0,0.2112,3,0.0,0.0,Unknown,0.0,0.0,0.0
IHS,8,0.6053,0.0,0.375,0.2107,8,0.0,0.0,Unknown,0.0,0.0,0.0
NI,18,0.6051,0.0,0.6111,0.2103,18,0.6583,0.6078,Utilities,18218561536.0,20.92,38.7
KBE,3,0.6049,0.0,1.0,0.2099,3,0.0,0.0,Unknown,0.0,0.0,0.0
BRK,23,0.6048,0.087,0.6957,0.2096,23,0.0,0.0,Unknown,0.0,0.0,0.0
BYM,4,0.6048,0.0,1.0,0.2097,4,0.0,0.0,Unknown,0.0,0.0,0.0
CHMG,4,0.6045,0.0,0.5,0.2089,4,0.0,0.0,Unknown,0.0,0.0,0.0
GE,22,0.6044,0.0909,0.7727,0.2087,22,0.5128,0.5687,Industrials,258503606272.0,38.24,242.41
ANET,6,0.6043,0.0,0.6667,0.2086,6,0.5672,0.5757,Technology,109152010240.0,36.67,86.91
ECPG,5,0.604,0.0,0.6,0.2081,5,0.0,0.0,Unknown,0.0,0.0,0.0
CL,6,0.6038,0.1667,0.8333,0.2076,6,0.5072,0.5582,Consumer Defensive,74315505664.0,25.98,91.7
MP,5,0.6038,0.0,1.0,0.2075,5,0.0,0.0,Unknown,0.0,0.0,0.0
ESTC,8,0.6033,0.0,0.625,0.2066,8,0.0,0.0,Unknown,0.0,0.0,0.0
INTU,8,0.6033,0.0,0.625,0.2065,8,0.5672,0.5757,Technology,208938287104.0,61.3,749.02
VTV,5,0.6031,0.0,1.0,0.2062,5,0.0,0.0,Unknown,0.0,0.0,0.0
MPLX,7,0.6028,0.0,1.0,0.2056,7,0.0,0.0,Unknown,0.0,0.0,0.0
CMCO,5,0.6028,0.0,0.6,0.2055,5,0.0,0.0,Unknown,0.0,0.0,0.0
SNCR,3,0.6028,0.0,0.6667,0.2056,3,0.0,0.0,Unknown,0.0,0.0,0.0
ENFR,5,0.6024,0.0,1.0,0.2047,5,0.0,0.0,Unknown,0.0,0.0,0.0
FFAI,6,0.6022,0.0,1.0,0.2043,6,0.0,0.0,Unknown,0.0,0.0,0.0
CLS,3,0.6019,0.0,0.3333,0.2037,3,0.0,0.0,Unknown,0.0,0.0,0.0
MRNA,8,0.6017,0.0,0.5,0.2035,8,0.5927,0.5837,Healthcare,10179049472.0,NaN,26.32
EXC,6,0.6017,0.0,0.5,0.2034,6,0.6583,0.6078,Utilities,43995754496.0,16.2,43.58
SNANF,4,0.6015,0.0,0.75,0.2029,4,0.0,0.0,Unknown,0.0,0.0,0.0
MDT,4,0.6014,0.0,0.5,0.2029,4,0.5927,0.5837,Healthcare,104861876224.0,22.66,81.8
MBLY,6,0.6004,0.0,0.6667,0.2007,6,0.0,0.0,Unknown,0.0,0.0,0.0
YY,4,0.6003,0.0,1.0,0.2006,4,0.0,0.0,Unknown,0.0,0.0,0.0
SDS,3,0.6001,0.0,1.0,0.2002,3,0.0,0.0,Unknown,0.0,0.0,0.0
TM,13,0.6,0.0,0.7692,0.2,13,0.0,0.0,Unknown,0.0,0.0,0.0
GURU,8,0.6,0.0,0.5,0.2,8,0.0,0.0,Unknown,0.0,0.0,0.0
INVO,3,0.6,0.0,1.0,0.2,3,0.0,0.0,Unknown,0.0,0.0,0.0
CI,3,0.6,0.0,0.3333,0.2,3,0.5927,0.5837,Healthcare,83088154624.0,17.34,311.02
LII,3,0.6,0.0,0.6667,0.2,3,0.5128,0.5687,Industrials,20157849600.0,25.3,568.07
UHS,7,0.5999,0.0,0.7143,0.1999,7,0.5927,0.5837,Healthcare,12402521088.0,10.81,192.46
QCOM,8,0.5998,0.0,0.625,0.1996,8,0.5672,0.5757,Technology,162591834112.0,15.11,148.08
GIBO,7,0.5995,0.0,1.0,0.199,7,0.0,0.0,Unknown,0.0,0.0,0.0
TNL,4,0.5994,0.0,0.25,0.1987,4,0.0,0.0,Unknown,0.0,0.0,0.0
SBAC,3,0.5994,0.0,0.3333,0.1988,3,0.3795,0.5445,Real Estate,24590936064.0,30.27,228.87
ELM,4,0.5993,0.0,1.0,0.1986,4,0.0,0.0,Unknown,0.0,0.0,0.0
VRT,5,0.5991,0.0,0.6,0.1982,5,0.0,0.0,Unknown,0.0,0.0,0.0
ASA,10,0.5989,0.0,0.4,0.1978,10,0.0,0.0,Unknown,0.0,0.0,0.0
KOLD,4,0.5989,0.0,1.0,0.1979,4,0.0,0.0,Unknown,0.0,0.0,0.0
THX,4,0.5986,0.0,1.0,0.1972,4,0.0,0.0,Unknown,0.0,0.0,0.0
NVAX,4,0.5986,0.0,0.75,0.1972,4,0.0,0.0,Unknown,0.0,0.0,0.0
CF,3,0.5984,0.0,1.0,0.1969,3,0.3968,0.543,Basic Materials,14532296704.0,11.87,89.7
AZUL,4,0.5983,0.0,1.0,0.1966,4,0.0,0.0,Unknown,0.0,0.0,0.0
XPEV,3,0.5982,0.0,1.0,0.1964,3,0.0,0.0,Unknown,0.0,0.0,0.0
PDT,4,0.598,0.0,0.75,0.1959,4,0.0,0.0,Unknown,0.0,0.0,0.0
DTC,7,0.5975,0.0,0.8571,0.1951,7,0.0,0.0,Unknown,0.0,0.0,0.0
OXY,4,0.5972,0.0,1.0,0.1943,4,0.4139,0.5598,Energy,40418340864.0,16.63,41.07
VNET,10,0.5971,0.0,1.0,0.1942,10,0.0,0.0,Unknown,0.0,0.0,0.0
SCHY,4,0.5971,0.0,1.0,0.1942,4,0.0,0.0,Unknown,0.0,0.0,0.0
SCHD,21,0.597,0.0,0.9524,0.1941,21,0.0,0.0,Unknown,0.0,0.0,0.0
CEG,11,0.597,0.0,0.6364,0.1939,11,0.6583,0.6078,Utilities,94376148992.0,31.73,301.12
CCL,5,0.597,0.0,1.0,0.1941,5,0.4488,0.5652,Consumer Cyclical,31337912320.0,14.92,23.13
MELI,3,0.5966,0.0,0.3333,0.1933,3,0.0,0.0,Unknown,0.0,0.0,0.0
ATGE,5,0.5964,0.0,0.8,0.1929,5,0.0,0.0,Unknown,0.0,0.0,0.0
ROAD,7,0.5963,0.0,0.8571,0.1926,7,0.0,0.0,Unknown,0.0,0.0,0.0
FXZ,4,0.5961,0.0,1.0,0.1921,4,0.0,0.0,Unknown,0.0,0.0,0.0
PCB,6,0.5959,0.0,0.8333,0.1918,6,0.0,0.0,Unknown,0.0,0.0,0.0
CPNG,5,0.5958,0.0,0.8,0.1917,5,0.0,0.0,Unknown,0.0,0.0,0.0
BMXI,3,0.5958,0.0,1.0,0.1917,3,0.0,0.0,Unknown,0.0,0.0,0.0
BYON,5,0.5957,0.0,0.6,0.1914,5,0.0,0.0,Unknown,0.0,0.0,0.0
SKY,7,0.5954,0.2857,0.5714,0.1909,7,0.0,0.0,Unknown,0.0,0.0,0.0
PALI,3,0.5951,0.0,1.0,0.1902,3,0.0,0.0,Unknown,0.0,0.0,0.0
OPRA,4,0.5949,0.0,0.75,0.1898,4,0.0,0.0,Unknown,0.0,0.0,0.0
SBET,5,0.5948,0.0,0.6,0.1897,5,0.0,0.0,Unknown,0.0,0.0,0.0
KUASF,3,0.5947,0.0,1.0,0.1895,3,0.0,0.0,Unknown,0.0,0.0,0.0
COO,32,0.5944,0.0,0.5625,0.1888,32,0.5927,0.5837,Healthcare,16089538560.0,38.87,80.46
KR,5,0.5944,0.0,0.8,0.1888,5,0.5072,0.5582,Consumer Defensive,44006219776.0,18.01,66.09
DFDV,6,0.5941,0.0,0.8333,0.1881,6,0.0,0.0,Unknown,0.0,0.0,0.0
BMY,9,0.5939,0.0,0.6667,0.1878,9,0.5927,0.5837,Healthcare,96605249536.0,17.71,47.47
PONY,6,0.5939,0.0,0.8333,0.1878,6,0.0,0.0,Unknown,0.0,0.0,0.0
TMO,4,0.5939,0.0,1.0,0.1877,4,0.5927,0.5837,Healthcare,152894504960.0,23.76,405.02
CPA,12,0.5937,0.0,0.6667,0.1875,12,0.0,0.0,Unknown,0.0,0.0,0.0
BA,11,0.5937,0.0,0.7273,0.1874,11,0.5128,0.5687,Industrials,157941645312.0,NaN,209.47
CME,8,0.5937,0.0,0.75,0.1873,8,0.3882,0.5556,Financial Services,102799613952.0,28.67,285.27
ADC,6,0.5936,0.0,0.8333,0.1872,6,0.0,0.0,Unknown,0.0,0.0,0.0
QQQI,9,0.5935,0.0,0.6667,0.1871,9,0.0,0.0,Unknown,0.0,0.0,0.0
GLP,14,0.5934,0.0,0.5714,0.1868,14,0.0,0.0,Unknown,0.0,0.0,0.0
PATH,10,0.593,0.0,0.4,0.186,10,0.0,0.0,Unknown,0.0,0.0,0.0
DOMA,5,0.5929,0.0,1.0,0.1858,5,0.0,0.0,Unknown,0.0,0.0,0.0
O,49,0.5927,0.0408,0.5102,0.1853,49,0.3795,0.5445,Real Estate,50599571456.0,50.94,56.03
DNA,15,0.5927,0.0,0.7333,0.1854,15,0.0,0.0,Unknown,0.0,0.0,0.0
UTI,11,0.5924,0.0,0.9091,0.1849,11,0.0,0.0,Unknown,0.0,0.0,0.0
IBN,10,0.5919,0.0,0.7,0.1839,10,0.0,0.0,Unknown,0.0,0.0,0.0
ETB,3,0.5919,0.0,1.0,0.1839,3,0.0,0.0,Unknown,0.0,0.0,0.0
PSTG,14,0.5917,0.0,0.8571,0.1834,14,0.0,0.0,Unknown,0.0,0.0,0.0
BASFY,3,0.5917,0.0,0.6667,0.1833,3,0.0,0.0,Unknown,0.0,0.0,0.0
LEU,4,0.5915,0.0,0.75,0.183,4,0.0,0.0,Unknown,0.0,0.0,0.0
IT,43,0.5909,0.0,0.5814,0.1818,43,0.5672,0.5757,Technology,33361301504.0,26.99,433.45
UDMY,3,0.5909,0.0,0.6667,0.1819,3,0.0,0.0,Unknown,0.0,0.0,0.0
FYLD,3,0.5906,0.0,1.0,0.1812,3,0.0,0.0,Unknown,0.0,0.0,0.0
GOGL,5,0.5905,0.0,1.0,0.181,5,0.0,0.0,Unknown,0.0,0.0,0.0
ACI,8,0.5904,0.0,1.0,0.1808,8,0.0,0.0,Unknown,0.0,0.0,0.0
CE,6,0.5903,0.0,1.0,0.1807,6,0.0,0.0,Unknown,0.0,0.0,0.0
GEV,6,0.5903,0.0,0.6667,0.1807,6,0.5128,0.5687,Industrials,126450786304.0,66.38,463.3
NBXG,3,0.5901,0.0,0.6667,0.1803,3,0.0,0.0,Unknown,0.0,0.0,0.0
CCM,3,0.5901,0.0,0.6667,0.1801,3,0.0,0.0,Unknown,0.0,0.0,0.0
SEZL,5,0.5897,0.0,0.6,0.1793,5,0.0,0.0,Unknown,0.0,0.0,0.0
BKT,3,0.5897,0.0,1.0,0.1794,3,0.0,0.0,Unknown,0.0,0.0,0.0
MSTY,10,0.5895,0.0,0.9,0.1791,10,0.0,0.0,Unknown,0.0,0.0,0.0
BP,20,0.5893,0.0,0.7,0.1785,20,0.0,0.0,Unknown,0.0,0.0,0.0
GM,15,0.5893,0.0,0.7333,0.1786,15,0.4488,0.5652,Consumer Cyclical,46466154496.0,6.75,48.33
CWS,3,0.589,0.0,1.0,0.1781,3,0.0,0.0,Unknown,0.0,0.0,0.0
NTNX,9,0.5886,0.0,0.7778,0.1772,9,0.0,0.0,Unknown,0.0,0.0,0.0
URA,3,0.5885,0.0,1.0,0.1771,3,0.0,0.0,Unknown,0.0,0.0,0.0
UBS,54,0.5882,0.0185,0.5741,0.1765,54,0.0,0.0,Unknown,0.0,0.0,0.0
DAPP,3,0.5881,0.0,1.0,0.1762,3,0.0,0.0,Unknown,0.0,0.0,0.0
BBVA,10,0.588,0.0,0.7,0.176,10,0.0,0.0,Unknown,0.0,0.0,0.0
ARCC,5,0.5879,0.0,0.8,0.1758,5,0.0,0.0,Unknown,0.0,0.0,0.0
DAL,5,0.5878,0.0,1.0,0.1756,5,0.5128,0.5687,Industrials,31890225152.0,8.66,48.84
KHC,5,0.5878,0.0,0.8,0.1757,5,0.5072,0.5582,Consumer Defensive,31665610752.0,12.22,26.76
BITO,4,0.5875,0.0,1.0,0.175,4,0.0,0.0,Unknown,0.0,0.0,0.0
GMGI,3,0.5875,0.0,1.0,0.175,3,0.0,0.0,Unknown,0.0,0.0,0.0
AMX,3,0.5875,0.0,0.3333,0.175,3,0.0,0.0,Unknown,0.0,0.0,0.0
OOMA,8,0.5873,0.0,0.75,0.1746,8,0.0,0.0,Unknown,0.0,0.0,0.0
YUM,3,0.5869,0.0,0.3333,0.1738,3,0.4488,0.5652,Consumer Cyclical,40026959872.0,28.69,144.0
SBUX,5,0.5867,0.0,0.4,0.1733,5,0.4488,0.5652,Consumer Cyclical,96571277312.0,30.9,84.98
DKS,22,0.5865,0.0,0.3636,0.173,22,0.0,0.0,Unknown,0.0,0.0,0.0
XBB,4,0.5864,0.0,1.0,0.1727,4,0.0,0.0,Unknown,0.0,0.0,0.0
ROKU,7,0.586,0.0,0.5714,0.1719,7,0.0,0.0,Unknown,0.0,0.0,0.0
LH,6,0.586,0.0,0.6667,0.1719,6,0.5927,0.5837,Healthcare,20657160192.0,28.47,246.8
CDMO,4,0.586,0.0,1.0,0.1719,4,0.0,0.0,Unknown,0.0,0.0,0.0
SOTK,5,0.5859,0.0,0.6,0.1718,5,0.0,0.0,Unknown,0.0,0.0,0.0
NXG,4,0.5859,0.0,0.25,0.1718,4,0.0,0.0,Unknown,0.0,0.0,0.0
INEOF,3,0.5854,0.0,0.6667,0.1709,3,0.0,0.0,Unknown,0.0,0.0,0.0
PFE,12,0.5853,0.0833,0.75,0.1706,12,0.5927,0.5837,Healthcare,132781809664.0,16.92,23.36
NFLX,14,0.5852,0.0714,0.6429,0.1705,14,0.5255,0.5696,Communication Services,504247156736.0,56.02,1184.87
FUTU,4,0.5852,0.0,0.75,0.1705,4,0.0,0.0,Unknown,0.0,0.0,0.0
RIO,4,0.5851,0.0,1.0,0.1701,4,0.0,0.0,Unknown,0.0,0.0,0.0
CROX,3,0.585,0.0,0.6667,0.17,3,0.0,0.0,Unknown,0.0,0.0,0.0
DLTR,7,0.5849,0.0,0.5714,0.1698,7,0.5072,0.5582,Consumer Defensive,18780928000.0,18.5,89.37
SYRE,3,0.5848,0.0,0.6667,0.1697,3,0.0,0.0,Unknown,0.0,0.0,0.0
IOBT,3,0.5846,0.0,1.0,0.1692,3,0.0,0.0,Unknown,0.0,0.0,0.0
QYLD,3,0.5844,0.0,0.3333,0.1688,3,0.0,0.0,Unknown,0.0,0.0,0.0
CWST,3,0.5843,0.0,0.6667,0.1686,3,0.0,0.0,Unknown,0.0,0.0,0.0
PLAB,5,0.5842,0.0,0.4,0.1685,5,0.0,0.0,Unknown,0.0,0.0,0.0
DLPN,3,0.5842,0.0,0.3333,0.1685,3,0.0,0.0,Unknown,0.0,0.0,0.0
VTR,7,0.5838,0.0,0.4286,0.1676,7,0.3795,0.5445,Real Estate,28991381504.0,194.67,64.24
GOOS,3,0.5836,0.0,0.6667,0.1672,3,0.0,0.0,Unknown,0.0,0.0,0.0
CMCSA,3,0.5836,0.0,1.0,0.1672,3,0.5255,0.5696,Communication Services,128159260672.0,8.45,34.33
KALA,3,0.5835,0.0,1.0,0.167,3,0.0,0.0,Unknown,0.0,0.0,0.0
QLC,5,0.5833,0.0,1.0,0.1665,5,0.0,0.0,Unknown,0.0,0.0,0.0
VIV,3,0.5833,0.0,0.3333,0.1667,3,0.0,0.0,Unknown,0.0,0.0,0.0
BSX,8,0.5832,0.0,0.625,0.1665,8,0.5927,0.5837,Healthcare,154713473024.0,76.33,104.58
RGTI,7,0.5831,0.0,0.7143,0.1663,7,0.0,0.0,Unknown,0.0,0.0,0.0
BTCI,3,0.583,0.0,1.0,0.1659,3,0.0,0.0,Unknown,0.0,0.0,0.0
XNTK,3,0.583,0.0,0.6667,0.166,3,0.0,0.0,Unknown,0.0,0.0,0.0
CADL,4,0.5829,0.0,0.75,0.1657,4,0.0,0.0,Unknown,0.0,0.0,0.0
NTAP,12,0.5828,0.0,0.6667,0.1657,12,0.5672,0.5757,Technology,20400365568.0,18.31,98.85
SMMT,6,0.5826,0.0,0.8333,0.1651,6,0.0,0.0,Unknown,0.0,0.0,0.0
EAT,6,0.5826,0.0,0.6667,0.1653,6,0.0,0.0,Unknown,0.0,0.0,0.0
SHIP,4,0.5825,0.0,0.5,0.165,4,0.0,0.0,Unknown,0.0,0.0,0.0
KEY,8,0.582,0.0,0.75,0.164,8,0.3882,0.5556,Financial Services,17272014848.0,NaN,15.76
USFR,4,0.582,0.0,0.5,0.1641,4,0.0,0.0,Unknown,0.0,0.0,0.0
PPL,8,0.5818,0.0,0.5,0.1637,8,0.6583,0.6078,Utilities,25327183872.0,25.57,34.26
SMCI,5,0.5818,0.0,0.8,0.1636,5,0.5672,0.5757,Technology,24887310336.0,22.66,41.7
RFV,4,0.5817,0.0,1.0,0.1635,4,0.0,0.0,Unknown,0.0,0.0,0.0
ILMN,6,0.5815,0.0,0.6667,0.163,6,0.0,0.0,Unknown,0.0,0.0,0.0
AVGO,12,0.5814,0.0,0.6667,0.1627,12,0.5672,0.5757,Technology,1117959094272.0,110.59,237.76
SKYX,11,0.5814,0.0,0.8182,0.1628,11,0.0,0.0,Unknown,0.0,0.0,0.0
MTN,5,0.5812,0.2,0.6,0.1625,5,0.0,0.0,Unknown,0.0,0.0,0.0
FOMC,5,0.5812,0.0,1.0,0.1624,5,0.0,0.0,Unknown,0.0,0.0,0.0
UPST,4,0.5812,0.0,0.75,0.1624,4,0.0,0.0,Unknown,0.0,0.0,0.0
MGROF,3,0.5808,0.0,0.6667,0.1617,3,0.0,0.0,Unknown,0.0,0.0,0.0
AMD,49,0.5806,0.0612,0.7347,0.1612,49,0.5672,0.5757,Technology,184126193664.0,82.89,113.56
VST,3,0.5806,0.0,1.0,0.1611,3,0.6583,0.6078,Utilities,53958877184.0,25.16,159.01
TSM,8,0.5805,0.0,0.625,0.161,8,0.0,0.0,Unknown,0.0,0.0,0.0
VOO,7,0.5802,0.0,0.7143,0.1605,7,0.0,0.0,Unknown,0.0,0.0,0.0
CRN,16,0.5801,0.0,0.4375,0.1602,16,0.0,0.0,Unknown,0.0,0.0,0.0
FE,3,0.5801,0.0,1.0,0.1601,3,0.6583,0.6078,Utilities,23894257664.0,22.02,41.4
HOOD,5,0.58,0.0,0.4,0.16,5,0.0,0.0,Unknown,0.0,0.0,0.0
GOOGL,21,0.5798,0.0952,0.4286,0.1596,21,0.5255,0.5696,Communication Services,2090794483712.0,19.18,171.84
PPG,11,0.5795,0.0,0.6364,0.1591,11,0.3968,0.543,Basic Materials,25071659008.0,19.55,110.46
IBD,7,0.5795,0.0,0.5714,0.159,7,0.0,0.0,Unknown,0.0,0.0,0.0
MIND,3,0.5795,0.0,1.0,0.1591,3,0.0,0.0,Unknown,0.0,0.0,0.0
CBOE,9,0.5793,0.0,0.6667,0.1586,9,0.3882,0.5556,Financial Services,23685033984.0,29.68,226.19
PHM,4,0.5792,0.0,0.25,0.1584,4,0.4488,0.5652,Consumer Cyclical,19661889536.0,6.93,98.1
VKI,3,0.5792,0.0,1.0,0.1583,3,0.0,0.0,Unknown,0.0,0.0,0.0
NEM,13,0.5791,0.0,0.5385,0.1581,13,0.3968,0.543,Basic Materials,58438062080.0,11.96,52.5
TTE,9,0.5788,0.0,0.6667,0.1576,9,0.0,0.0,Unknown,0.0,0.0,0.0
CAN,10,0.5787,0.0,0.7,0.1575,10,0.0,0.0,Unknown,0.0,0.0,0.0
CVE,3,0.5787,0.0,0.6667,0.1575,3,0.0,0.0,Unknown,0.0,0.0,0.0
JD,16,0.5786,0.0,0.9375,0.1571,16,0.0,0.0,Unknown,0.0,0.0,0.0
EMX,9,0.5786,0.0,0.6667,0.1571,9,0.0,0.0,Unknown,0.0,0.0,0.0
BRP,13,0.5783,0.1538,0.6154,0.1566,13,0.0,0.0,Unknown,0.0,0.0,0.0
SIG,6,0.5783,0.0,0.6667,0.1565,6,0.0,0.0,Unknown,0.0,0.0,0.0
MNRO,6,0.5783,0.0,0.5,0.1566,6,0.0,0.0,Unknown,0.0,0.0,0.0
BIDU,5,0.5783,0.0,0.6,0.1567,5,0.0,0.0,Unknown,0.0,0.0,0.0
MRVL,26,0.5781,0.0385,0.5385,0.1561,26,0.0,0.0,Unknown,0.0,0.0,0.0
VSTS,6,0.5781,0.0,1.0,0.1562,6,0.0,0.0,Unknown,0.0,0.0,0.0
MQ,6,0.5778,0.0,0.6667,0.1556,6,0.0,0.0,Unknown,0.0,0.0,0.0
FOXA,4,0.5778,0.0,0.5,0.1556,4,0.5255,0.5696,Communication Services,23681802240.0,13.63,55.06
QFIN,9,0.5777,0.0,0.6667,0.1554,9,0.0,0.0,Unknown,0.0,0.0,0.0
SAFE,4,0.5777,0.0,0.5,0.1554,4,0.0,0.0,Unknown,0.0,0.0,0.0
VNQ,3,0.5776,0.0,1.0,0.1551,3,0.0,0.0,Unknown,0.0,0.0,0.0
DG,5,0.5774,0.0,0.6,0.1548,5,0.5072,0.5582,Consumer Defensive,21414041600.0,19.05,97.36
LYB,8,0.5773,0.0,1.0,0.1546,8,0.3968,0.543,Basic Materials,18432288768.0,19.84,57.35
SH,4,0.577,0.0,0.75,0.154,4,0.0,0.0,Unknown,0.0,0.0,0.0
AMBR,3,0.577,0.0,1.0,0.1541,3,0.0,0.0,Unknown,0.0,0.0,0.0
PANW,5,0.5769,0.0,0.8,0.1538,5,0.5672,0.5757,Technology,122231103488.0,104.75,183.31
DIS,7,0.5765,0.0,0.4286,0.153,7,0.5255,0.5696,Communication Services,201096314880.0,22.83,111.86
ALRS,6,0.5765,0.0,0.8333,0.1529,6,0.0,0.0,Unknown,0.0,0.0,0.0
HITI,6,0.5764,0.0,1.0,0.1528,6,0.0,0.0,Unknown,0.0,0.0,0.0
BALT,3,0.5764,0.0,1.0,0.1528,3,0.0,0.0,Unknown,0.0,0.0,0.0
TSLA,66,0.5762,0.0,0.4394,0.1524,66,0.4488,0.5652,Consumer Cyclical,1161349300224.0,206.03,360.56
AR,14,0.5756,0.0,0.5714,0.1512,14,0.0,0.0,Unknown,0.0,0.0,0.0
AXP,9,0.5756,0.0,0.6667,0.1512,9,0.3882,0.5556,Financial Services,205798014976.0,20.51,293.75
SE,13,0.5755,0.0,0.4615,0.151,13,0.0,0.0,Unknown,0.0,0.0,0.0
TOV,6,0.5755,0.0,1.0,0.1511,6,0.0,0.0,Unknown,0.0,0.0,0.0
KTB,5,0.5752,0.0,0.8,0.1505,5,0.0,0.0,Unknown,0.0,0.0,0.0
TECH,10,0.5751,0.0,0.8,0.1501,10,0.5927,0.5837,Healthcare,7585955328.0,58.3,48.39
KULR,4,0.575,0.0,1.0,0.15,4,0.0,0.0,Unknown,0.0,0.0,0.0
IHICY,4,0.575,0.0,0.5,0.15,4,0.0,0.0,Unknown,0.0,0.0,0.0
MIR,4,0.575,0.0,0.5,0.15,4,0.0,0.0,Unknown,0.0,0.0,0.0
ADM,3,0.5747,0.0,1.0,0.1494,3,0.5072,0.5582,Consumer Defensive,23139049472.0,16.96,48.16
ROCK,7,0.5745,0.0,0.2857,0.149,7,0.0,0.0,Unknown,0.0,0.0,0.0
HNW,3,0.5745,0.0,1.0,0.149,3,0.0,0.0,Unknown,0.0,0.0,0.0
BATS,5,0.5742,0.0,0.8,0.1485,5,0.0,0.0,Unknown,0.0,0.0,0.0
JFB,3,0.574,0.0,1.0,0.1481,3,0.0,0.0,Unknown,0.0,0.0,0.0
ACEL,3,0.574,0.0,0.3333,0.1479,3,0.0,0.0,Unknown,0.0,0.0,0.0
AEYE,8,0.5739,0.0,0.75,0.1477,8,0.0,0.0,Unknown,0.0,0.0,0.0
NEE,8,0.5739,0.0,0.75,0.1477,8,0.6583,0.6078,Utilities,140491210752.0,25.56,68.24
AMAT,5,0.5738,0.0,0.6,0.1476,5,0.5672,0.5757,Technology,128058613760.0,19.41,159.57
MBS,11,0.5737,0.0,0.7273,0.1474,11,0.0,0.0,Unknown,0.0,0.0,0.0
UEC,6,0.5736,0.0,0.5,0.1471,6,0.0,0.0,Unknown,0.0,0.0,0.0
FIVN,6,0.5734,0.0,0.6667,0.1467,6,0.0,0.0,Unknown,0.0,0.0,0.0
WAVE,4,0.5732,0.0,0.5,0.1464,4,0.0,0.0,Unknown,0.0,0.0,0.0
RKLB,6,0.5731,0.0,0.5,0.1463,6,0.0,0.0,Unknown,0.0,0.0,0.0
DE,6,0.5731,0.0,0.5,0.1461,6,0.5128,0.5687,Industrials,137794174976.0,24.55,507.69
XXRP,3,0.5729,0.0,1.0,0.1458,3,0.0,0.0,Unknown,0.0,0.0,0.0
DBD,5,0.5726,0.0,0.6,0.1452,5,0.0,0.0,Unknown,0.0,0.0,0.0
PFS,6,0.5722,0.0,0.6667,0.1445,6,0.0,0.0,Unknown,0.0,0.0,0.0
JELD,3,0.5722,0.0,1.0,0.1444,3,0.0,0.0,Unknown,0.0,0.0,0.0
SGN,5,0.5721,0.0,0.6,0.1442,5,0.0,0.0,Unknown,0.0,0.0,0.0
TASK,12,0.572,0.0833,0.6667,0.144,12,0.0,0.0,Unknown,0.0,0.0,0.0
EDF,3,0.572,0.0,1.0,0.1439,3,0.0,0.0,Unknown,0.0,0.0,0.0
ABB,4,0.5719,0.0,0.5,0.1437,4,0.0,0.0,Unknown,0.0,0.0,0.0
FTBI,4,0.5719,0.0,1.0,0.1437,4,0.0,0.0,Unknown,0.0,0.0,0.0
FLEX,3,0.5718,0.3333,0.6667,0.1435,3,0.0,0.0,Unknown,0.0,0.0,0.0
ENB,8,0.5714,0.0,0.75,0.1428,8,0.0,0.0,Unknown,0.0,0.0,0.0
PKX,4,0.5714,0.0,0.5,0.1429,4,0.0,0.0,Unknown,0.0,0.0,0.0
MSI,3,0.5714,0.0,0.6667,0.1427,3,0.5672,0.5757,Technology,69543886848.0,34.75,416.64
CTV,3,0.5713,0.0,1.0,0.1426,3,0.0,0.0,Unknown,0.0,0.0,0.0
CCWOF,3,0.5712,0.0,0.6667,0.1424,3,0.0,0.0,Unknown,0.0,0.0,0.0
WFC,9,0.5711,0.0,0.5556,0.1422,9,0.3882,0.5556,Financial Services,238938177536.0,13.21,73.42
CPAY,4,0.571,0.0,0.25,0.1419,4,0.5672,0.5757,Technology,23198320640.0,23.11,329.08
SUN,5,0.5709,0.0,0.6,0.1417,5,0.0,0.0,Unknown,0.0,0.0,0.0
NIO,13,0.5708,0.0,0.7692,0.1415,13,0.0,0.0,Unknown,0.0,0.0,0.0
NOAH,5,0.5708,0.0,0.4,0.1416,5,0.0,0.0,Unknown,0.0,0.0,0.0
LC,5,0.5706,0.4,0.6,0.1412,5,0.0,0.0,Unknown,0.0,0.0,0.0
EL,4,0.5701,0.0,0.5,0.1402,4,0.5072,0.5582,Consumer Defensive,24714960896.0,NaN,68.7
GLRY,4,0.5701,0.0,1.0,0.1403,4,0.0,0.0,Unknown,0.0,0.0,0.0
VENU,5,0.5695,0.0,0.4,0.1391,5,0.0,0.0,Unknown,0.0,0.0,0.0
CYTK,7,0.5694,0.0,0.8571,0.1389,7,0.0,0.0,Unknown,0.0,0.0,0.0
TPC,6,0.5694,0.0,0.6667,0.1389,6,0.0,0.0,Unknown,0.0,0.0,0.0
TOP,12,0.5692,0.0,0.6667,0.1384,12,0.0,0.0,Unknown,0.0,0.0,0.0
CMDT,3,0.5691,0.0,1.0,0.1383,3,0.0,0.0,Unknown,0.0,0.0,0.0
BITF,80,0.569,0.0,0.625,0.1379,80,0.0,0.0,Unknown,0.0,0.0,0.0
BALI,3,0.5689,0.0,1.0,0.1379,3,0.0,0.0,Unknown,0.0,0.0,0.0
DVN,3,0.5688,0.0,0.3333,0.1376,3,0.4139,0.5598,Energy,19665274880.0,6.98,30.63
ARR,26,0.5687,0.0,0.6538,0.1374,26,0.0,0.0,Unknown,0.0,0.0,0.0
CBS,6,0.5687,0.0,0.6667,0.1375,6,0.0,0.0,Unknown,0.0,0.0,0.0
BRW,3,0.5687,0.0,0.6667,0.1374,3,0.0,0.0,Unknown,0.0,0.0,0.0
BUG,3,0.5684,0.0,1.0,0.1368,3,0.0,0.0,Unknown,0.0,0.0,0.0
NCLH,5,0.5683,0.0,0.6,0.1367,5,0.4488,0.5652,Consumer Cyclical,7870505472.0,10.01,17.61
UMH,4,0.5682,0.0,1.0,0.1364,4,0.0,0.0,Unknown,0.0,0.0,0.0
IVR,3,0.5681,0.0,0.6667,0.1363,3,0.0,0.0,Unknown,0.0,0.0,0.0
CIBR,4,0.5678,0.0,0.5,0.1356,4,0.0,0.0,Unknown,0.0,0.0,0.0
IP,14,0.5677,0.0,0.7857,0.1353,14,0.4488,0.5652,Consumer Cyclical,25138694144.0,40.7,47.62
STN,6,0.5675,0.0,0.3333,0.1351,6,0.0,0.0,Unknown,0.0,0.0,0.0
MSTR,91,0.5674,0.0,0.6374,0.1348,91,0.0,0.0,Unknown,0.0,0.0,0.0
THC,5,0.5671,0.0,0.2,0.1342,5,0.0,0.0,Unknown,0.0,0.0,0.0
PLC,65,0.567,0.0,0.4462,0.134,65,0.0,0.0,Unknown,0.0,0.0,0.0
YETI,5,0.567,0.0,1.0,0.1341,5,0.0,0.0,Unknown,0.0,0.0,0.0
IBM,16,0.5668,0.0,0.5,0.1335,16,0.5672,0.5757,Technology,240137601024.0,44.09,258.38
SPOT,3,0.5667,0.0,0.3333,0.1333,3,0.0,0.0,Unknown,0.0,0.0,0.0
ORAN,3,0.5667,0.0,0.6667,0.1333,3,0.0,0.0,Unknown,0.0,0.0,0.0
III,40,0.5665,0.05,0.65,0.1331,40,0.0,0.0,Unknown,0.0,0.0,0.0
BCI,6,0.5665,0.0,0.3333,0.1331,6,0.0,0.0,Unknown,0.0,0.0,0.0
DHX,3,0.5664,0.0,0.3333,0.1328,3,0.0,0.0,Unknown,0.0,0.0,0.0
FICO,11,0.5663,0.0909,0.8182,0.1326,11,0.5672,0.5757,Technology,39692791808.0,70.38,1630.65
BBAI,140,0.5661,0.0,0.6357,0.1322,140,0.0,0.0,Unknown,0.0,0.0,0.0
SERA,4,0.566,0.0,0.5,0.1319,4,0.0,0.0,Unknown,0.0,0.0,0.0
CNQ,3,0.566,0.0,0.6667,0.1321,3,0.0,0.0,Unknown,0.0,0.0,0.0
OUT,7,0.5659,0.0,0.7143,0.1317,7,0.0,0.0,Unknown,0.0,0.0,0.0
FC,5,0.5659,0.0,0.4,0.1318,5,0.0,0.0,Unknown,0.0,0.0,0.0
BBWI,11,0.5658,0.0909,0.5455,0.1315,11,0.0,0.0,Unknown,0.0,0.0,0.0
SHYD,3,0.5657,0.0,1.0,0.1315,3,0.0,0.0,Unknown,0.0,0.0,0.0
TGT,13,0.5655,0.0769,0.3846,0.1309,13,0.5072,0.5582,Consumer Defensive,43553157120.0,10.53,95.86
ROE,12,0.5655,0.0,0.5833,0.1311,12,0.0,0.0,Unknown,0.0,0.0,0.0
CGC,111,0.5652,0.027,0.7027,0.1303,111,0.0,0.0,Unknown,0.0,0.0,0.0
ATNM,43,0.5652,0.0,0.5581,0.1305,43,0.0,0.0,Unknown,0.0,0.0,0.0
BHV,6,0.5652,0.0,0.6667,0.1304,6,0.0,0.0,Unknown,0.0,0.0,0.0
NSR,4,0.5652,0.0,0.75,0.1305,4,0.0,0.0,Unknown,0.0,0.0,0.0
ATI,10,0.5651,0.0,0.6,0.1302,10,0.0,0.0,Unknown,0.0,0.0,0.0
D,163,0.565,0.0245,0.5337,0.1299,163,0.6583,0.6078,Utilities,47432232960.0,21.47,55.62
CACI,8,0.565,0.0,0.5,0.1299,8,0.0,0.0,Unknown,0.0,0.0,0.0
LI,7,0.565,0.0,0.5714,0.13,7,0.0,0.0,Unknown,0.0,0.0,0.0
AEP,4,0.565,0.0,1.0,0.13,4,0.6583,0.6078,Utilities,54578704384.0,19.72,102.17
ALGN,4,0.565,0.0,0.5,0.13,4,0.5927,0.5837,Healthcare,13235725312.0,33.26,182.6
SMI,3,0.565,0.0,1.0,0.13,3,0.0,0.0,Unknown,0.0,0.0,0.0
AXL,6,0.5649,0.0,0.6667,0.1297,6,0.0,0.0,Unknown,0.0,0.0,0.0
HEI,11,0.5648,0.0,0.5455,0.1297,11,0.0,0.0,Unknown,0.0,0.0,0.0
APEI,3,0.5646,0.0,0.6667,0.1292,3,0.0,0.0,Unknown,0.0,0.0,0.0
EDV,10,0.5644,0.0,0.6,0.1288,10,0.0,0.0,Unknown,0.0,0.0,0.0
CVLT,5,0.5644,0.0,0.2,0.1288,5,0.0,0.0,Unknown,0.0,0.0,0.0
ISRG,8,0.5641,0.0,0.375,0.1281,8,0.5927,0.5837,Healthcare,198818054144.0,80.98,554.71
APG,3,0.5641,0.0,0.3333,0.1282,3,0.0,0.0,Unknown,0.0,0.0,0.0
RIVN,10,0.5637,0.0,0.4,0.1273,10,0.0,0.0,Unknown,0.0,0.0,0.0
BMO,37,0.5636,0.0541,0.5676,0.1272,37,0.0,0.0,Unknown,0.0,0.0,0.0
RXO,8,0.5636,0.0,1.0,0.1273,8,0.0,0.0,Unknown,0.0,0.0,0.0
RSVR,5,0.5636,0.0,0.6,0.1273,5,0.0,0.0,Unknown,0.0,0.0,0.0
CIVI,146,0.5635,0.0137,0.6233,0.1271,146,0.0,0.0,Unknown,0.0,0.0,0.0
SNPS,17,0.5635,0.0588,0.7059,0.1271,17,0.5672,0.5757,Technology,72014266368.0,55.98,465.75
NSSC,98,0.5633,0.0204,0.602,0.1267,98,0.0,0.0,Unknown,0.0,0.0,0.0
ANF,35,0.5633,0.0571,0.4,0.1267,35,0.0,0.0,Unknown,0.0,0.0,0.0
KO,12,0.5633,0.0,0.75,0.1267,12,0.5072,0.5582,Consumer Defensive,305710759936.0,28.52,71.03
MAC,10,0.5633,0.1,0.2,0.1266,10,0.0,0.0,Unknown,0.0,0.0,0.0
TSHA,9,0.5631,0.2222,0.7778,0.1262,9,0.0,0.0,Unknown,0.0,0.0,0.0
ECF,3,0.563,0.0,1.0,0.1259,3,0.0,0.0,Unknown,0.0,0.0,0.0
DDC,13,0.5628,0.0,0.5385,0.1256,13,0.0,0.0,Unknown,0.0,0.0,0.0
TJX,8,0.5628,0.0,0.5,0.1257,8,0.4488,0.5652,Consumer Cyclical,142363639808.0,30.0,127.51
NUE,7,0.5628,0.0,0.5714,0.1257,7,0.3968,0.543,Basic Materials,24805709824.0,18.96,107.5
TER,5,0.5627,0.0,0.2,0.1253,5,0.5672,0.5757,Technology,12909799424.0,22.8,80.47
DT,3,0.5626,0.0,1.0,0.1252,3,0.0,0.0,Unknown,0.0,0.0,0.0
QRVO,4,0.5625,0.0,0.25,0.125,4,0.0,0.0,Unknown,0.0,0.0,0.0
ZS,18,0.5624,0.0,0.3889,0.1249,18,0.0,0.0,Unknown,0.0,0.0,0.0
BOX,15,0.5624,0.0,0.5333,0.1248,15,0.0,0.0,Unknown,0.0,0.0,0.0
HRL,9,0.5624,0.0,0.3333,0.1249,9,0.5072,0.5582,Consumer Defensive,16139947008.0,21.27,29.35
TLT,6,0.5624,0.0,0.5,0.1248,6,0.0,0.0,Unknown,0.0,0.0,0.0
NCNO,10,0.5623,0.0,0.2,0.1245,10,0.0,0.0,Unknown,0.0,0.0,0.0
AAL,5,0.5622,0.0,0.4,0.1244,5,0.0,0.0,Unknown,0.0,0.0,0.0
MRK,15,0.5615,0.0,0.8,0.123,15,0.5927,0.5837,Healthcare,191817580544.0,11.1,76.39
BABA,7,0.5612,0.0,0.2857,0.1225,7,0.0,0.0,Unknown,0.0,0.0,0.0
PRO,3,0.5612,0.0,0.6667,0.1225,3,0.0,0.0,Unknown,0.0,0.0,0.0
DMRC,93,0.5611,0.0215,0.6022,0.1223,93,0.0,0.0,Unknown,0.0,0.0,0.0
ICCM,3,0.5611,0.0,0.6667,0.1222,3,0.0,0.0,Unknown,0.0,0.0,0.0
ESAU,5,0.561,0.0,0.6,0.1219,5,0.0,0.0,Unknown,0.0,0.0,0.0
VLO,3,0.5609,0.0,0.6667,0.1218,3,0.4139,0.5598,Energy,39344939008.0,42.87,125.62
RIGL,4,0.5607,0.0,0.75,0.1215,4,0.0,0.0,Unknown,0.0,0.0,0.0
ROK,3,0.5607,0.0,0.6667,0.1214,3,0.5128,0.5687,Industrials,35076091904.0,39.24,311.19
CAR,92,0.5606,0.0326,0.6304,0.1213,92,0.0,0.0,Unknown,0.0,0.0,0.0
AS,11,0.5606,0.1818,0.2727,0.1212,11,0.0,0.0,Unknown,0.0,0.0,0.0
WELL,9,0.5606,0.0,0.6667,0.1213,9,0.3795,0.5445,Real Estate,99538034688.0,86.48,152.21
SOXL,4,0.56,0.0,0.25,0.12,4,0.0,0.0,Unknown,0.0,0.0,0.0
AMR,3,0.5599,0.0,1.0,0.1198,3,0.0,0.0,Unknown,0.0,0.0,0.0
J,120,0.5598,0.0417,0.5083,0.1195,120,0.5128,0.5687,Industrials,15157679104.0,41.63,126.15
WST,106,0.5598,0.0,0.5472,0.1196,106,0.5927,0.5837,Healthcare,15239128064.0,33.35,212.11
MGMA,4,0.5598,0.0,0.5,0.1197,4,0.0,0.0,Unknown,0.0,0.0,0.0
GPS,7,0.5597,0.0,0.2857,0.1194,7,0.0,0.0,Unknown,0.0,0.0,0.0
EXE,3,0.5595,0.0,0.3333,0.119,3,0.4139,0.5598,Energy,27416371200.0,NaN,115.2
NDSN,10,0.5594,0.0,0.4,0.1189,10,0.5128,0.5687,Industrials,12111378432.0,27.04,212.81
VTRS,156,0.5588,0.0192,0.5513,0.1175,156,0.5927,0.5837,Healthcare,10216884224.0,NaN,8.7
HLIT,3,0.5588,0.0,0.6667,0.1177,3,0.0,0.0,Unknown,0.0,0.0,0.0
ZIP,3,0.5588,0.0,0.6667,0.1176,3,0.0,0.0,Unknown,0.0,0.0,0.0
PDD,49,0.5587,0.0816,0.4082,0.1173,49,0.0,0.0,Unknown,0.0,0.0,0.0
BDC,20,0.5586,0.0,0.3,0.1172,20,0.0,0.0,Unknown,0.0,0.0,0.0
CHCO,4,0.5585,0.5,0.5,0.1169,4,0.0,0.0,Unknown,0.0,0.0,0.0
PSA,7,0.5584,0.0,0.5714,0.1167,7,0.3795,0.5445,Real Estate,53723992064.0,30.35,306.24
AIPI,3,0.5584,0.0,1.0,0.1169,3,0.0,0.0,Unknown,0.0,0.0,0.0
FSLR,6,0.5582,0.0,0.8333,0.1164,6,0.5672,0.5757,Technology,16992811008.0,13.46,158.45
PEP,6,0.5582,0.1667,0.8333,0.1164,6,0.5072,0.5582,Consumer Defensive,180735770624.0,19.41,131.82
CDNS,6,0.5582,0.1667,0.5,0.1164,6,0.5672,0.5757,Technology,78600593408.0,72.88,287.87
OMI,4,0.5579,0.0,0.5,0.1157,4,0.0,0.0,Unknown,0.0,0.0,0.0
LEVI,4,0.5579,0.0,0.5,0.1157,4,0.0,0.0,Unknown,0.0,0.0,0.0
BND,4,0.5577,0.0,0.25,0.1154,4,0.0,0.0,Unknown,0.0,0.0,0.0
AMTD,10,0.5575,0.0,1.0,0.115,10,0.0,0.0,Unknown,0.0,0.0,0.0
CRWD,22,0.5574,0.0909,0.5,0.1147,22,0.5672,0.5757,Technology,113111973888.0,NaN,454.13
CRDO,5,0.5574,0.0,0.6,0.1148,5,0.0,0.0,Unknown,0.0,0.0,0.0
MDNGF,3,0.5574,0.0,0.3333,0.1147,3,0.0,0.0,Unknown,0.0,0.0,0.0
UMC,3,0.5573,0.0,1.0,0.1146,3,0.0,0.0,Unknown,0.0,0.0,0.0
OUST,3,0.5573,0.0,1.0,0.1146,3,0.0,0.0,Unknown,0.0,0.0,0.0
BC,76,0.5571,0.0395,0.5,0.1142,76,0.0,0.0,Unknown,0.0,0.0,0.0
LULU,7,0.5568,0.0,0.2857,0.1136,7,0.4488,0.5652,Consumer Cyclical,38442708992.0,21.84,319.94
CCD,4,0.5568,0.0,0.25,0.1137,4,0.0,0.0,Unknown,0.0,0.0,0.0
USD,49,0.5566,0.0204,0.3878,0.1132,49,0.0,0.0,Unknown,0.0,0.0,0.0
AAPL,38,0.5565,0.0263,0.3421,0.113,38,0.5672,0.5757,Technology,3003439906816.0,31.37,201.09
VB,3,0.5565,0.0,1.0,0.1131,3,0.0,0.0,Unknown,0.0,0.0,0.0
AL,10,0.5564,0.2,0.5,0.1129,10,0.0,0.0,Unknown,0.0,0.0,0.0
SOUN,76,0.5563,0.0526,0.6711,0.1125,76,0.0,0.0,Unknown,0.0,0.0,0.0
JOBY,12,0.5563,0.0,0.5,0.1125,12,0.0,0.0,Unknown,0.0,0.0,0.0
VIAV,4,0.5563,0.0,0.25,0.1125,4,0.0,0.0,Unknown,0.0,0.0,0.0
COF,4,0.5563,0.0,0.5,0.1127,4,0.3882,0.5556,Financial Services,121882271744.0,16.0,190.4
NLY,6,0.5562,0.0,0.3333,0.1123,6,0.0,0.0,Unknown,0.0,0.0,0.0
VEEV,13,0.556,0.0,0.4615,0.112,13,0.0,0.0,Unknown,0.0,0.0,0.0
HD,6,0.556,0.0,0.5,0.112,6,0.4488,0.5652,Consumer Cyclical,366163361792.0,25.0,368.03
ZBIO,105,0.5559,0.0381,0.5333,0.1118,105,0.0,0.0,Unknown,0.0,0.0,0.0
SHEL,6,0.5559,0.0,0.5,0.1118,6,0.0,0.0,Unknown,0.0,0.0,0.0
IOVA,146,0.5557,0.0137,0.5068,0.1114,146,0.0,0.0,Unknown,0.0,0.0,0.0
GAP,19,0.5557,0.1579,0.4211,0.1113,19,0.0,0.0,Unknown,0.0,0.0,0.0
CDE,6,0.5557,0.0,0.1667,0.1113,6,0.0,0.0,Unknown,0.0,0.0,0.0
GOOG,10,0.5556,0.0,0.5,0.1112,10,0.5255,0.5696,Communication Services,2092521488384.0,19.31,173.0
KD,4,0.5556,0.0,0.5,0.1112,4,0.0,0.0,Unknown,0.0,0.0,0.0
JAKK,6,0.5555,0.0,0.5,0.111,6,0.0,0.0,Unknown,0.0,0.0,0.0
CRM,68,0.5551,0.1324,0.5,0.1103,68,0.5672,0.5757,Technology,246818914304.0,40.51,257.24
SPTN,5,0.555,0.4,0.6,0.11,5,0.0,0.0,Unknown,0.0,0.0,0.0
B,138,0.5547,0.058,0.4493,0.1095,138,0.0,0.0,Unknown,0.0,0.0,0.0
COST,32,0.5547,0.0312,0.4375,0.1095,32,0.5072,0.5582,Consumer Defensive,447385862144.0,58.9,1008.35
ASX,31,0.5547,0.0,0.4194,0.1094,31,0.0,0.0,Unknown,0.0,0.0,0.0
M,109,0.5546,0.0459,0.4679,0.1093,109,0.0,0.0,Unknown,0.0,0.0,0.0
LLY,13,0.5545,0.0769,0.5385,0.109,13,0.5927,0.5837,Healthcare,648950906880.0,58.77,722.88
DNUT,120,0.5543,0.0083,0.525,0.1087,120,0.0,0.0,Unknown,0.0,0.0,0.0
PD,30,0.5543,0.0,0.6333,0.1086,30,0.0,0.0,Unknown,0.0,0.0,0.0
MOD,4,0.5542,0.0,0.5,0.1083,4,0.0,0.0,Unknown,0.0,0.0,0.0
COP,3,0.5542,0.0,0.6667,0.1083,3,0.4139,0.5598,Energy,106597900288.0,10.7,84.44
BCRX,4,0.554,0.0,0.5,0.108,4,0.0,0.0,Unknown,0.0,0.0,0.0
KMI,7,0.5539,0.1429,0.5714,0.1079,7,0.4139,0.5598,Energy,61637410816.0,23.91,27.73
ANSS,4,0.5539,0.0,0.5,0.1078,4,0.5672,0.5757,Technology,29069017088.0,49.13,330.64
XRAY,17,0.5538,0.0588,0.4118,0.1076,17,0.0,0.0,Unknown,0.0,0.0,0.0
SNY,3,0.5537,0.0,0.6667,0.1074,3,0.0,0.0,Unknown,0.0,0.0,0.0
FL,58,0.5536,0.0,0.4138,0.1073,58,0.0,0.0,Unknown,0.0,0.0,0.0
SG,6,0.5536,0.0,0.5,0.1072,6,0.0,0.0,Unknown,0.0,0.0,0.0
WTKWY,4,0.5536,0.0,0.25,0.1071,4,0.0,0.0,Unknown,0.0,0.0,0.0
DCTH,4,0.5535,0.0,0.5,0.1071,4,0.0,0.0,Unknown,0.0,0.0,0.0
NVDY,4,0.5535,0.0,0.5,0.107,4,0.0,0.0,Unknown,0.0,0.0,0.0
MNMD,4,0.5534,0.0,0.5,0.1068,4,0.0,0.0,Unknown,0.0,0.0,0.0
AZO,16,0.5531,0.0,0.375,0.1062,16,0.4488,0.5652,Consumer Cyclical,61678448640.0,24.75,3688.02
HSBC,18,0.5529,0.2222,0.5,0.1059,18,0.0,0.0,Unknown,0.0,0.0,0.0
REX,14,0.5528,0.0,0.3571,0.1056,14,0.0,0.0,Unknown,0.0,0.0,0.0
IBKR,6,0.5528,0.0,0.5,0.1056,6,0.0,0.0,Unknown,0.0,0.0,0.0
WSM,6,0.5528,0.0,0.5,0.1056,6,0.4488,0.5652,Consumer Cyclical,20276471808.0,18.7,164.17
ABBV,19,0.5526,0.0526,0.5789,0.1051,19,0.5927,0.5837,Healthcare,328899264512.0,79.57,186.2
SEI,72,0.5525,0.0278,0.5556,0.105,72,0.0,0.0,Unknown,0.0,0.0,0.0
WIX,5,0.5525,0.0,0.6,0.1049,5,0.0,0.0,Unknown,0.0,0.0,0.0
DX,4,0.5525,0.0,0.25,0.1051,4,0.0,0.0,Unknown,0.0,0.0,0.0
PLTR,52,0.5522,0.1154,0.5,0.1045,52,0.5672,0.5757,Technology,287838208000.0,508.21,121.97
BSGM,9,0.5522,0.0,0.6667,0.1043,9,0.0,0.0,Unknown,0.0,0.0,0.0
GOLD,9,0.5521,0.0,0.5556,0.1041,9,0.0,0.0,Unknown,0.0,0.0,0.0
NXT,16,0.5519,0.0,0.3125,0.1038,16,0.0,0.0,Unknown,0.0,0.0,0.0
SMG,3,0.5519,0.0,0.3333,0.1037,3,0.0,0.0,Unknown,0.0,0.0,0.0
OKTA,33,0.5518,0.0606,0.4848,0.1037,33,0.0,0.0,Unknown,0.0,0.0,0.0
HYMB,3,0.5517,0.0,1.0,0.1033,3,0.0,0.0,Unknown,0.0,0.0,0.0
INTC,7,0.5514,0.2857,0.7143,0.1027,7,0.5672,0.5757,Technology,88266809344.0,NaN,20.24
LAW,56,0.5513,0.0179,0.4286,0.1026,56,0.0,0.0,Unknown,0.0,0.0,0.0
NPCE,13,0.5513,0.0,0.6154,0.1027,13,0.0,0.0,Unknown,0.0,0.0,0.0
AMZN,34,0.5512,0.0588,0.3235,0.1024,34,0.4488,0.5652,Consumer Cyclical,2188570787840.0,33.57,206.15
TGI,5,0.5508,0.0,0.6,0.1017,5,0.0,0.0,Unknown,0.0,0.0,0.0
INVH,4,0.5508,0.0,0.5,0.1015,4,0.3795,0.5445,Real Estate,20386682880.0,42.64,33.26
MD,32,0.5507,0.0625,0.625,0.1014,32,0.0,0.0,Unknown,0.0,0.0,0.0
SNTI,28,0.5506,0.0,0.6429,0.1012,28,0.0,0.0,Unknown,0.0,0.0,0.0
CHPT,3,0.5506,0.0,0.3333,0.1011,3,0.0,0.0,Unknown,0.0,0.0,0.0
FTC,9,0.5504,0.0,0.5556,0.1008,9,0.0,0.0,Unknown,0.0,0.0,0.0
OGN,151,0.5503,0.0397,0.5033,0.1006,151,0.0,0.0,Unknown,0.0,0.0,0.0
TIGR,4,0.5502,0.0,0.75,0.1004,4,0.0,0.0,Unknown,0.0,0.0,0.0
ABG,4,0.5501,0.0,0.5,0.1001,4,0.0,0.0,Unknown,0.0,0.0,0.0
CRK,4,0.55,0.0,0.5,0.1,4,0.0,0.0,Unknown,0.0,0.0,0.0
RBB,4,0.55,0.0,0.0,0.1,4,0.0,0.0,Unknown,0.0,0.0,0.0
QXO,3,0.55,0.0,0.0,0.1,3,0.0,0.0,Unknown,0.0,0.0,0.0
HLF,3,0.55,0.0,0.3333,0.1,3,0.0,0.0,Unknown,0.0,0.0,0.0
ADI,9,0.5499,0.2222,0.4444,0.0999,9,0.5672,0.5757,Technology,106472488960.0,58.14,214.56
NVDA,175,0.5497,0.0857,0.4343,0.0995,175,0.5672,0.5757,Technology,3411583959040.0,47.58,139.89
R,92,0.5497,0.0109,0.4022,0.0994,92,0.0,0.0,Unknown,0.0,0.0,0.0
KC,6,0.5495,0.0,0.3333,0.0989,6,0.0,0.0,Unknown,0.0,0.0,0.0
GO,14,0.5493,0.0,0.1429,0.0985,14,0.0,0.0,Unknown,0.0,0.0,0.0
F,59,0.5492,0.0339,0.4068,0.0984,59,0.4488,0.5652,Consumer Cyclical,40600576000.0,8.17,10.21
SGRP,6,0.5491,0.0,0.6667,0.0981,6,0.0,0.0,Unknown,0.0,0.0,0.0
RSPS,3,0.5491,0.0,0.6667,0.0981,3,0.0,0.0,Unknown,0.0,0.0,0.0
BV,3,0.5491,0.0,0.3333,0.0981,3,0.0,0.0,Unknown,0.0,0.0,0.0
JG,4,0.5486,0.0,0.5,0.0973,4,0.0,0.0,Unknown,0.0,0.0,0.0
BBW,6,0.548,0.0,0.5,0.0959,6,0.0,0.0,Unknown,0.0,0.0,0.0
OR,48,0.5479,0.0208,0.3333,0.0957,48,0.0,0.0,Unknown,0.0,0.0,0.0
SSYS,4,0.5479,0.5,0.25,0.0958,4,0.0,0.0,Unknown,0.0,0.0,0.0
X,47,0.5478,0.0213,0.4255,0.0956,47,0.0,0.0,Unknown,0.0,0.0,0.0
BK,4,0.5478,0.5,0.5,0.0955,4,0.3882,0.5556,Financial Services,63340949504.0,14.44,88.54
ENPH,3,0.5477,0.0,0.3333,0.0954,3,0.5672,0.5757,Technology,5197109248.0,36.34,39.61
JEQ,3,0.5475,0.0,0.0,0.0949,3,0.0,0.0,Unknown,0.0,0.0,0.0
GPUS,4,0.5474,0.0,0.5,0.0948,4,0.0,0.0,Unknown,0.0,0.0,0.0
DELL,22,0.5472,0.1364,0.3182,0.0944,22,0.5672,0.5757,Technology,76125028352.0,17.46,111.38
THO,6,0.5472,0.0,0.3333,0.0944,6,0.0,0.0,Unknown,0.0,0.0,0.0
GLG,4,0.5472,0.0,0.0,0.0944,4,0.0,0.0,Unknown,0.0,0.0,0.0
SCI,3,0.5472,0.0,0.3333,0.0944,3,0.0,0.0,Unknown,0.0,0.0,0.0
NAV,68,0.5471,0.0588,0.3824,0.0943,68,0.0,0.0,Unknown,0.0,0.0,0.0
ITM,7,0.5471,0.0,0.0,0.0942,7,0.0,0.0,Unknown,0.0,0.0,0.0
CTA,3,0.547,0.0,0.0,0.094,3,0.0,0.0,Unknown,0.0,0.0,0.0
INFY,12,0.5466,0.0,0.5,0.0932,12,0.0,0.0,Unknown,0.0,0.0,0.0
TRX,6,0.5466,0.0,0.1667,0.0932,6,0.0,0.0,Unknown,0.0,0.0,0.0
CEF,12,0.5464,0.0833,0.3333,0.0928,12,0.0,0.0,Unknown,0.0,0.0,0.0
GAN,5,0.5464,0.0,0.0,0.0929,5,0.0,0.0,Unknown,0.0,0.0,0.0
IBTA,113,0.5463,0.0442,0.531,0.0927,113,0.0,0.0,Unknown,0.0,0.0,0.0
BAC,7,0.5461,0.2857,0.4286,0.0923,7,0.3882,0.5556,Financial Services,331252072448.0,13.13,43.98
ACHR,6,0.5457,0.0,0.3333,0.0914,6,0.0,0.0,Unknown,0.0,0.0,0.0
ARGL,5,0.5457,0.0,0.4,0.0915,5,0.0,0.0,Unknown,0.0,0.0,0.0
NXRT,7,0.5455,0.0,0.0,0.0909,7,0.0,0.0,Unknown,0.0,0.0,0.0
ORCL,7,0.5453,0.0,0.2857,0.0906,7,0.5672,0.5757,Technology,456500576256.0,38.21,162.79
HG,4,0.5452,0.0,0.25,0.0905,4,0.0,0.0,Unknown,0.0,0.0,0.0
RKT,55,0.5451,0.0,0.4364,0.0902,55,0.0,0.0,Unknown,0.0,0.0,0.0
RDFN,5,0.545,0.0,0.4,0.0901,5,0.0,0.0,Unknown,0.0,0.0,0.0
T,120,0.5449,0.0417,0.3583,0.0898,120,0.5255,0.5696,Communication Services,197336285184.0,16.81,27.4
BE,6,0.5449,0.0,0.3333,0.0898,6,0.0,0.0,Unknown,0.0,0.0,0.0
MPW,6,0.5449,0.0,0.5,0.0899,6,0.0,0.0,Unknown,0.0,0.0,0.0
NPWR,118,0.5447,0.0,0.5932,0.0893,118,0.0,0.0,Unknown,0.0,0.0,0.0
DHI,8,0.5447,0.0,0.125,0.0894,8,0.4488,0.5652,Consumer Cyclical,36250431488.0,8.95,118.01
ON,54,0.5446,0.0,0.2963,0.0892,54,0.5672,0.5757,Technology,17977411584.0,29.88,43.02
CM,7,0.5445,0.1429,0.5714,0.0891,7,0.0,0.0,Unknown,0.0,0.0,0.0
WHR,3,0.5444,0.0,0.6667,0.0889,3,0.0,0.0,Unknown,0.0,0.0,0.0
SO,30,0.5442,0.0,0.4333,0.0883,30,0.6583,0.6078,Utilities,97311801344.0,21.21,88.45
FMC,15,0.5439,0.0,0.2667,0.0878,15,0.0,0.0,Unknown,0.0,0.0,0.0
DSX,5,0.5439,0.0,0.4,0.0877,5,0.0,0.0,Unknown,0.0,0.0,0.0
CAAP,5,0.5437,0.0,0.2,0.0873,5,0.0,0.0,Unknown,0.0,0.0,0.0
EQNR,5,0.5436,0.0,0.2,0.0873,5,0.0,0.0,Unknown,0.0,0.0,0.0
IRS,3,0.5436,0.0,0.3333,0.0873,3,0.0,0.0,Unknown,0.0,0.0,0.0
AMGN,5,0.5433,0.0,0.2,0.0867,5,0.5927,0.5837,Healthcare,151525539840.0,25.69,281.8
V,167,0.5432,0.024,0.3593,0.0865,167,0.3882,0.5556,Financial Services,691940032512.0,36.27,361.2
ORIC,22,0.5431,0.0,0.5909,0.0862,22,0.0,0.0,Unknown,0.0,0.0,0.0
MATEF,3,0.5431,0.0,0.3333,0.0863,3,0.0,0.0,Unknown,0.0,0.0,0.0
GDE,3,0.5431,0.0,0.0,0.0862,3,0.0,0.0,Unknown,0.0,0.0,0.0
LABS,5,0.5429,0.0,0.6,0.0859,5,0.0,0.0,Unknown,0.0,0.0,0.0
MSD,7,0.5427,0.0,0.2857,0.0854,7,0.0,0.0,Unknown,0.0,0.0,0.0
DEA,4,0.5427,0.0,0.5,0.0853,4,0.0,0.0,Unknown,0.0,0.0,0.0
ASML,14,0.5424,0.0714,0.4286,0.0847,14,0.0,0.0,Unknown,0.0,0.0,0.0
RRGB,11,0.5423,0.0,0.4545,0.0847,11,0.0,0.0,Unknown,0.0,0.0,0.0
UDR,6,0.5423,0.0,0.3333,0.0846,6,0.3795,0.5445,Real Estate,15471916032.0,114.0,41.04
ALX,8,0.5421,0.0,0.25,0.0841,8,0.0,0.0,Unknown,0.0,0.0,0.0
STX,5,0.5421,0.0,0.6,0.0842,5,0.5672,0.5757,Technology,24794372096.0,16.81,116.84
TMCI,115,0.542,0.0,0.6,0.084,115,0.0,0.0,Unknown,0.0,0.0,0.0
ECG,100,0.5419,0.1,0.49,0.0839,100,0.0,0.0,Unknown,0.0,0.0,0.0
EAF,7,0.5418,0.0,0.5714,0.0835,7,0.0,0.0,Unknown,0.0,0.0,0.0
EPD,6,0.5418,0.0,0.5,0.0837,6,0.0,0.0,Unknown,0.0,0.0,0.0
MPC,5,0.5417,0.0,0.4,0.0835,5,0.4139,0.5598,Energy,48036077568.0,21.54,156.36
BOS,4,0.5417,0.25,0.75,0.0833,4,0.0,0.0,Unknown,0.0,0.0,0.0
MTA,4,0.5417,0.0,0.0,0.0833,4,0.0,0.0,Unknown,0.0,0.0,0.0
EME,10,0.5416,0.0,0.4,0.0831,10,0.0,0.0,Unknown,0.0,0.0,0.0
LPRO,120,0.5414,0.0,0.5417,0.0829,120,0.0,0.0,Unknown,0.0,0.0,0.0
ORA,4,0.5411,0.0,0.5,0.0821,4,0.0,0.0,Unknown,0.0,0.0,0.0
EBC,5,0.5406,0.0,0.2,0.0811,5,0.0,0.0,Unknown,0.0,0.0,0.0
ZM,7,0.5405,0.2857,0.4286,0.081,7,0.0,0.0,Unknown,0.0,0.0,0.0
NET,136,0.5404,0.0,0.4853,0.0808,136,0.0,0.0,Unknown,0.0,0.0,0.0
UNH,93,0.5403,0.0538,0.4516,0.0805,93,0.5927,0.5837,Healthcare,271969632256.0,12.55,299.81
FTV,3,0.5401,0.0,0.3333,0.0802,3,0.5672,0.5757,Technology,24233586688.0,31.27,71.3
PTL,4,0.5398,0.0,0.5,0.0796,4,0.0,0.0,Unknown,0.0,0.0,0.0
BKKT,46,0.5397,0.0435,0.3478,0.0794,46,0.0,0.0,Unknown,0.0,0.0,0.0
LEN,3,0.5396,0.0,0.3333,0.0792,3,0.4488,0.5652,Consumer Cyclical,27774386176.0,7.73,105.84
TMUS,5,0.5393,0.0,0.2,0.0786,5,0.5255,0.5696,Communication Services,271662088192.0,23.36,239.26
MGP,10,0.539,0.3,0.3,0.078,10,0.0,0.0,Unknown,0.0,0.0,0.0
SPRO,4,0.5388,0.0,0.0,0.0777,4,0.0,0.0,Unknown,0.0,0.0,0.0
AMSC,6,0.5387,0.0,0.3333,0.0774,6,0.0,0.0,Unknown,0.0,0.0,0.0
FDL,5,0.5387,0.0,0.0,0.0775,5,0.0,0.0,Unknown,0.0,0.0,0.0
CSGP,3,0.5383,0.0,0.3333,0.0767,3,0.3795,0.5445,Real Estate,31396831232.0,265.79,74.42
INC,47,0.5382,0.0426,0.3191,0.0764,47,0.0,0.0,Unknown,0.0,0.0,0.0
SLV,3,0.5382,0.0,0.0,0.0764,3,0.0,0.0,Unknown,0.0,0.0,0.0
NGL,9,0.5381,0.0,0.3333,0.0763,9,0.0,0.0,Unknown,0.0,0.0,0.0
HES,3,0.538,0.0,0.3333,0.0759,3,0.4139,0.5598,Energy,40599547904.0,18.21,131.28
ICHR,10,0.5376,0.0,0.2,0.0752,10,0.0,0.0,Unknown,0.0,0.0,0.0
FNV,6,0.5375,0.0,0.1667,0.075,6,0.0,0.0,Unknown,0.0,0.0,0.0
MOV,4,0.5375,0.5,0.5,0.075,4,0.0,0.0,Unknown,0.0,0.0,0.0
GD,3,0.5375,0.0,0.3333,0.075,3,0.5128,0.5687,Industrials,73477431296.0,18.99,273.76
RC,20,0.5374,0.0,0.35,0.0748,20,0.0,0.0,Unknown,0.0,0.0,0.0
META,70,0.5373,0.0286,0.1571,0.0745,70,0.5255,0.5696,Communication Services,1618373640192.0,25.19,643.66
DCI,4,0.5373,0.0,0.5,0.0746,4,0.0,0.0,Unknown,0.0,0.0,0.0
HAL,3,0.5371,0.0,0.0,0.0743,3,0.4139,0.5598,Energy,17043850240.0,8.29,19.82
PG,10,0.5368,0.1,0.5,0.0736,10,0.5072,0.5582,Consumer Defensive,395641094144.0,26.83,168.75
BGC,4,0.5368,0.0,0.5,0.0737,4,0.0,0.0,Unknown,0.0,0.0,0.0
XYZ,10,0.5365,0.2,0.3,0.073,10,0.0,0.0,Unknown,0.0,0.0,0.0
OSS,4,0.5364,0.0,0.25,0.0729,4,0.0,0.0,Unknown,0.0,0.0,0.0
BXP,11,0.536,0.0,0.1818,0.072,11,0.3795,0.5445,Real Estate,12037966848.0,NaN,68.11
GME,19,0.5359,0.0526,0.3684,0.0717,19,0.0,0.0,Unknown,0.0,0.0,0.0
RDN,3,0.5358,0.0,0.3333,0.0717,3,0.0,0.0,Unknown,0.0,0.0,0.0
AMC,14,0.5357,0.0,0.2143,0.0714,14,0.0,0.0,Unknown,0.0,0.0,0.0
CORP,11,0.5355,0.0909,0.2727,0.071,11,0.0,0.0,Unknown,0.0,0.0,0.0
ETR,19,0.5353,0.0526,0.3684,0.0705,19,0.6583,0.6078,Utilities,36773539840.0,26.66,82.39
FLNG,6,0.5353,0.0,0.3333,0.0707,6,0.0,0.0,Unknown,0.0,0.0,0.0
FOX,3,0.5352,0.0,0.3333,0.0704,3,0.5255,0.5696,Communication Services,23648845824.0,12.48,50.43
PENN,15,0.5351,0.0,0.3333,0.0701,15,0.0,0.0,Unknown,0.0,0.0,0.0
HOT,3,0.5351,0.0,0.0,0.0702,3,0.0,0.0,Unknown,0.0,0.0,0.0
AEO,13,0.5348,0.0769,0.3846,0.0697,13,0.0,0.0,Unknown,0.0,0.0,0.0
CNA,5,0.5348,0.0,0.0,0.0696,5,0.0,0.0,Unknown,0.0,0.0,0.0
MTG,7,0.5346,0.0,0.4286,0.0691,7,0.0,0.0,Unknown,0.0,0.0,0.0
RMBS,5,0.5341,0.0,0.2,0.0682,5,0.0,0.0,Unknown,0.0,0.0,0.0
CPI,5,0.5341,0.0,0.2,0.0681,5,0.0,0.0,Unknown,0.0,0.0,0.0
BONE,4,0.5341,0.0,0.25,0.0682,4,0.0,0.0,Unknown,0.0,0.0,0.0
FFIV,7,0.534,0.1429,0.2857,0.0679,7,0.5672,0.5757,Technology,16028297216.0,26.48,279.08
EMO,3,0.534,0.0,0.3333,0.068,3,0.0,0.0,Unknown,0.0,0.0,0.0
MSCI,24,0.5335,0.0,0.2083,0.0669,24,0.3882,0.5556,Financial Services,43572920320.0,38.79,563.16
PVH,18,0.5335,0.2222,0.4444,0.0671,18,0.0,0.0,Unknown,0.0,0.0,0.0
BWB,4,0.5335,0.0,0.0,0.067,4,0.0,0.0,Unknown,0.0,0.0,0.0
PCAR,4,0.5333,0.0,0.5,0.0667,4,0.5128,0.5687,Industrials,49377644544.0,14.27,94.06
PROP,3,0.5333,0.0,0.0,0.0667,3,0.0,0.0,Unknown,0.0,0.0,0.0
MMYT,3,0.5333,0.0,0.3333,0.0667,3,0.0,0.0,Unknown,0.0,0.0,0.0
ENGIY,3,0.5333,0.0,0.0,0.0667,3,0.0,0.0,Unknown,0.0,0.0,0.0
SQM,8,0.5328,0.0,0.375,0.0656,8,0.0,0.0,Unknown,0.0,0.0,0.0
LIFE,14,0.5324,0.0714,0.1429,0.0648,14,0.0,0.0,Unknown,0.0,0.0,0.0
CAL,6,0.5323,0.3333,0.3333,0.0646,6,0.0,0.0,Unknown,0.0,0.0,0.0
HP,33,0.5322,0.1818,0.303,0.0643,33,0.0,0.0,Unknown,0.0,0.0,0.0
GSK,23,0.5321,0.0,0.1739,0.0641,23,0.0,0.0,Unknown,0.0,0.0,0.0
AMT,5,0.532,0.0,0.0,0.064,5,0.3795,0.5445,Real Estate,99732111360.0,34.47,213.04
XFLT,4,0.5319,0.0,0.0,0.0638,4,0.0,0.0,Unknown,0.0,0.0,0.0
URGN,69,0.5318,0.0725,0.3043,0.0635,69,0.0,0.0,Unknown,0.0,0.0,0.0
TIGO,3,0.5318,0.0,0.3333,0.0636,3,0.0,0.0,Unknown,0.0,0.0,0.0
JBLU,5,0.5316,0.0,0.4,0.0631,5,0.0,0.0,Unknown,0.0,0.0,0.0
JLL,12,0.5312,0.0,0.1667,0.0625,12,0.0,0.0,Unknown,0.0,0.0,0.0
RCL,5,0.5311,0.0,0.2,0.0622,5,0.4488,0.5652,Consumer Cyclical,68547174400.0,20.54,252.42
SMP,3,0.5311,0.0,0.3333,0.0622,3,0.0,0.0,Unknown,0.0,0.0,0.0
SPGI,5,0.531,0.0,0.2,0.062,5,0.3882,0.5556,Financial Services,157147430912.0,40.22,512.41
RDW,11,0.5309,0.0,0.2727,0.0617,11,0.0,0.0,Unknown,0.0,0.0,0.0
DV,77,0.5303,0.039,0.3247,0.0606,77,0.0,0.0,Unknown,0.0,0.0,0.0
BRMK,5,0.5303,0.0,0.4,0.0606,5,0.0,0.0,Unknown,0.0,0.0,0.0
BUZZ,4,0.5303,0.0,0.0,0.0607,4,0.0,0.0,Unknown,0.0,0.0,0.0
DRCT,10,0.5302,0.0,0.1,0.0604,10,0.0,0.0,Unknown,0.0,0.0,0.0
NVTS,5,0.5297,0.0,0.0,0.0594,5,0.0,0.0,Unknown,0.0,0.0,0.0
AGRI,7,0.5295,0.0,0.2857,0.059,7,0.0,0.0,Unknown,0.0,0.0,0.0
TBBK,16,0.5291,0.0,0.25,0.0582,16,0.0,0.0,Unknown,0.0,0.0,0.0
OCC,5,0.529,0.0,0.2,0.0581,5,0.0,0.0,Unknown,0.0,0.0,0.0
BLRX,5,0.5287,0.0,0.4,0.0575,5,0.0,0.0,Unknown,0.0,0.0,0.0
SMTC,10,0.5286,0.0,0.2,0.0572,10,0.0,0.0,Unknown,0.0,0.0,0.0
SHW,5,0.5283,0.0,0.0,0.0566,5,0.3968,0.543,Basic Materials,89181372416.0,33.67,355.87
GT,4,0.5281,0.0,0.25,0.0563,4,0.0,0.0,Unknown,0.0,0.0,0.0
AFRM,4,0.5281,0.0,0.5,0.0563,4,0.0,0.0,Unknown,0.0,0.0,0.0
AVDL,4,0.5281,0.0,0.25,0.0563,4,0.0,0.0,Unknown,0.0,0.0,0.0
PLD,4,0.528,0.0,0.25,0.0561,4,0.3795,0.5445,Real Estate,102623977472.0,27.58,110.6
ALTO,9,0.5278,0.0,0.3333,0.0556,9,0.0,0.0,Unknown,0.0,0.0,0.0
SFM,3,0.5278,0.0,0.0,0.0556,3,0.0,0.0,Unknown,0.0,0.0,0.0
GLNG,5,0.5275,0.0,0.4,0.055,5,0.0,0.0,Unknown,0.0,0.0,0.0
AWK,4,0.5275,0.0,0.5,0.0551,4,0.6583,0.6078,Utilities,27571771392.0,25.75,141.38
NWTN,4,0.5274,0.0,0.0,0.0549,4,0.0,0.0,Unknown,0.0,0.0,0.0
CRWV,8,0.5273,0.0,0.375,0.0545,8,0.0,0.0,Unknown,0.0,0.0,0.0
FAST,5,0.5272,0.0,0.4,0.0545,5,0.5128,0.5687,Industrials,47134351360.0,41.08,41.08
AITX,14,0.527,0.0,0.5714,0.0539,14,0.0,0.0,Unknown,0.0,0.0,0.0
UBER,7,0.5269,0.1429,0.5714,0.0539,7,0.5672,0.5757,Technology,175240052736.0,14.68,83.8
TTWO,21,0.5268,0.0,0.381,0.0537,21,0.5255,0.5696,Communication Services,41214500864.0,NaN,225.36
HUBS,3,0.5267,0.0,0.3333,0.0533,3,0.0,0.0,Unknown,0.0,0.0,0.0
TIMB,5,0.5263,0.4,0.6,0.0526,5,0.0,0.0,Unknown,0.0,0.0,0.0
MAX,16,0.5261,0.25,0.625,0.0522,16,0.0,0.0,Unknown,0.0,0.0,0.0
ABT,6,0.526,0.1667,0.1667,0.052,6,0.5927,0.5837,Healthcare,231137755136.0,17.25,132.85
TPG,15,0.5259,0.0667,0.2,0.0518,15,0.0,0.0,Unknown,0.0,0.0,0.0
RH,6,0.5259,0.0,0.3333,0.0519,6,0.0,0.0,Unknown,0.0,0.0,0.0
HPQ,22,0.5255,0.1364,0.4545,0.051,22,0.5672,0.5757,Technology,23930515456.0,9.13,25.38
TEVA,11,0.5254,0.0909,0.2727,0.0507,11,0.0,0.0,Unknown,0.0,0.0,0.0
MANH,10,0.5254,0.0,0.1,0.0508,10,0.0,0.0,Unknown,0.0,0.0,0.0
SVRA,14,0.5252,0.0714,0.1429,0.0505,14,0.0,0.0,Unknown,0.0,0.0,0.0
BILI,4,0.525,0.0,0.0,0.05,4,0.0,0.0,Unknown,0.0,0.0,0.0
TT,4,0.525,0.0,0.0,0.05,4,0.5128,0.5687,Industrials,95882125312.0,35.47,429.93
LFST,3,0.5248,0.0,0.3333,0.0496,3,0.0,0.0,Unknown,0.0,0.0,0.0
UL,6,0.5246,0.0,0.3333,0.0492,6,0.0,0.0,Unknown,0.0,0.0,0.0
COIN,28,0.5242,0.0,0.1786,0.0484,28,0.3882,0.5556,Financial Services,64165281792.0,47.44,251.92
SLE,8,0.5242,0.0,0.25,0.0484,8,0.0,0.0,Unknown,0.0,0.0,0.0
CTO,12,0.5239,0.3333,0.5,0.0479,12,0.0,0.0,Unknown,0.0,0.0,0.0
VIK,4,0.5239,0.5,0.5,0.0479,4,0.0,0.0,Unknown,0.0,0.0,0.0
UVV,4,0.5239,0.0,0.25,0.0477,4,0.0,0.0,Unknown,0.0,0.0,0.0
H,40,0.5238,0.0,0.275,0.0477,40,0.0,0.0,Unknown,0.0,0.0,0.0
TEL,13,0.5238,0.0769,0.2308,0.0476,13,0.5672,0.5757,Technology,47661035520.0,34.94,160.72
CETX,4,0.5237,0.25,0.25,0.0473,4,0.0,0.0,Unknown,0.0,0.0,0.0
ELV,66,0.5236,0.0303,0.0758,0.0472,66,0.5927,0.5837,Healthcare,86099312640.0,14.83,381.08
ASGI,4,0.5236,0.0,0.0,0.0471,4,0.0,0.0,Unknown,0.0,0.0,0.0
BTC,22,0.5235,0.0,0.1818,0.047,22,0.0,0.0,Unknown,0.0,0.0,0.0
CVR,11,0.5235,0.0,0.0909,0.0469,11,0.0,0.0,Unknown,0.0,0.0,0.0
NFE,13,0.5226,0.0,0.0,0.0453,13,0.0,0.0,Unknown,0.0,0.0,0.0
VFC,3,0.5226,0.0,0.0,0.0452,3,0.0,0.0,Unknown,0.0,0.0,0.0
YOU,31,0.5224,0.0323,0.0323,0.0448,31,0.0,0.0,Unknown,0.0,0.0,0.0
ASPI,7,0.5224,0.0,0.1429,0.0448,7,0.0,0.0,Unknown,0.0,0.0,0.0
ARE,23,0.5223,0.0435,0.1304,0.0447,23,0.3795,0.5445,Real Estate,12281354240.0,93.41,71.0
CRSP,3,0.5222,0.3333,0.6667,0.0444,3,0.0,0.0,Unknown,0.0,0.0,0.0
TW,3,0.5219,0.0,0.0,0.0439,3,0.0,0.0,Unknown,0.0,0.0,0.0
MATAF,3,0.5218,0.0,0.0,0.0435,3,0.0,0.0,Unknown,0.0,0.0,0.0
TTD,5,0.5216,0.2,0.2,0.0431,5,0.0,0.0,Unknown,0.0,0.0,0.0
LCID,5,0.5213,0.0,0.2,0.0427,5,0.0,0.0,Unknown,0.0,0.0,0.0
PSTV,3,0.5213,0.0,0.3333,0.0426,3,0.0,0.0,Unknown,0.0,0.0,0.0
STLA,4,0.5212,0.0,0.0,0.0424,4,0.0,0.0,Unknown,0.0,0.0,0.0
GRMN,3,0.5208,0.0,0.3333,0.0417,3,0.5672,0.5757,Technology,38839369728.0,26.58,201.72
AG,16,0.5204,0.25,0.4375,0.0408,16,0.0,0.0,Unknown,0.0,0.0,0.0
VICI,5,0.5204,0.0,0.2,0.0408,5,0.3795,0.5445,Real Estate,33481857024.0,12.67,31.68
L,43,0.5201,0.0698,0.2326,0.0402,43,0.3882,0.5556,Financial Services,18476402688.0,14.44,88.11
CRDOF,3,0.5201,0.0,0.3333,0.0402,3,0.0,0.0,Unknown,0.0,0.0,0.0
QDF,4,0.52,0.0,0.0,0.04,4,0.0,0.0,Unknown,0.0,0.0,0.0
LOW,3,0.52,0.0,0.0,0.04,3,0.4488,0.5652,Consumer Cyclical,125536452608.0,18.57,224.29
BNS,6,0.5198,0.3333,0.6667,0.0396,6,0.0,0.0,Unknown,0.0,0.0,0.0
WMB,4,0.5198,0.0,0.25,0.0396,4,0.4139,0.5598,Energy,72863776768.0,32.08,59.68
DB,9,0.5196,0.0,0.1111,0.0391,9,0.0,0.0,Unknown,0.0,0.0,0.0
GRID,5,0.5196,0.0,0.0,0.0391,5,0.0,0.0,Unknown,0.0,0.0,0.0
JUNE,9,0.5195,0.0,0.0,0.0391,9,0.0,0.0,Unknown,0.0,0.0,0.0
BIO,17,0.5193,0.0,0.1765,0.0385,17,0.0,0.0,Unknown,0.0,0.0,0.0
SM,9,0.5193,0.0,0.1111,0.0385,9,0.0,0.0,Unknown,0.0,0.0,0.0
MAR,3,0.5192,0.0,0.3333,0.0384,3,0.4488,0.5652,Consumer Cyclical,72202272768.0,30.02,263.61
EH,13,0.5191,0.1538,0.3077,0.0383,13,0.0,0.0,Unknown,0.0,0.0,0.0
GRAB,4,0.519,0.0,0.0,0.0381,4,0.0,0.0,Unknown,0.0,0.0,0.0
CP,6,0.5189,0.0,0.0,0.0379,6,0.0,0.0,Unknown,0.0,0.0,0.0
ETWO,3,0.5188,0.0,0.3333,0.0375,3,0.0,0.0,Unknown,0.0,0.0,0.0
EWCZ,5,0.5187,0.0,0.2,0.0375,5,0.0,0.0,Unknown,0.0,0.0,0.0
PGY,3,0.5186,0.0,0.3333,0.0372,3,0.0,0.0,Unknown,0.0,0.0,0.0
BNY,6,0.5184,0.3333,0.3333,0.0369,6,0.0,0.0,Unknown,0.0,0.0,0.0
MA,20,0.5182,0.1,0.3,0.0364,20,0.3882,0.5556,Financial Services,522964434944.0,40.33,575.9
IONQ,8,0.5178,0.25,0.375,0.0355,8,0.0,0.0,Unknown,0.0,0.0,0.0
SMR,8,0.5178,0.375,0.25,0.0356,8,0.0,0.0,Unknown,0.0,0.0,0.0
GIII,3,0.5174,0.0,0.3333,0.0349,3,0.0,0.0,Unknown,0.0,0.0,0.0
EPR,15,0.5169,0.2667,0.2667,0.0339,15,0.0,0.0,Unknown,0.0,0.0,0.0
RUN,6,0.5169,0.5,0.5,0.0339,6,0.0,0.0,Unknown,0.0,0.0,0.0
OS,9,0.5167,0.3333,0.4444,0.0333,9,0.0,0.0,Unknown,0.0,0.0,0.0
HQY,5,0.5167,0.0,0.0,0.0333,5,0.0,0.0,Unknown,0.0,0.0,0.0
ALL,4,0.5167,0.0,0.25,0.0333,4,0.3882,0.5556,Financial Services,54388322304.0,14.04,205.38
DECK,8,0.5166,0.125,0.375,0.0332,8,0.4488,0.5652,Consumer Cyclical,15968731136.0,16.88,106.86
LEGN,6,0.5165,0.0,0.0,0.0331,6,0.0,0.0,Unknown,0.0,0.0,0.0
FNMA,3,0.5164,0.0,0.0,0.0329,3,0.0,0.0,Unknown,0.0,0.0,0.0
LAZR,23,0.5163,0.087,0.2609,0.0325,23,0.0,0.0,Unknown,0.0,0.0,0.0
SPT,9,0.5162,0.0,0.0,0.0323,9,0.0,0.0,Unknown,0.0,0.0,0.0
MEC,4,0.5162,0.5,0.25,0.0325,4,0.0,0.0,Unknown,0.0,0.0,0.0
CABO,18,0.5161,0.0,0.0,0.0322,18,0.0,0.0,Unknown,0.0,0.0,0.0
CLF,24,0.516,0.0,0.0833,0.0319,24,0.0,0.0,Unknown,0.0,0.0,0.0
CMS,5,0.516,0.0,0.0,0.032,5,0.6583,0.6078,Utilities,20681433088.0,20.46,69.14
MGPI,5,0.516,0.4,0.2,0.0321,5,0.0,0.0,Unknown,0.0,0.0,0.0
CAI,4,0.5159,0.0,0.25,0.0319,4,0.0,0.0,Unknown,0.0,0.0,0.0
TVTX,27,0.5158,0.0,0.2222,0.0315,27,0.0,0.0,Unknown,0.0,0.0,0.0
OLLI,4,0.5158,0.0,0.0,0.0317,4,0.0,0.0,Unknown,0.0,0.0,0.0
INOD,9,0.5156,0.0,0.0,0.0313,9,0.0,0.0,Unknown,0.0,0.0,0.0
TDC,9,0.5156,0.0,0.0,0.0313,9,0.0,0.0,Unknown,0.0,0.0,0.0
MRVI,9,0.5156,0.0,0.0,0.0313,9,0.0,0.0,Unknown,0.0,0.0,0.0
FNA,9,0.5156,0.0,0.0,0.0313,9,0.0,0.0,Unknown,0.0,0.0,0.0
FDIS,4,0.5156,0.0,0.0,0.0312,4,0.0,0.0,Unknown,0.0,0.0,0.0
BLKB,4,0.5154,0.0,0.0,0.0309,4,0.0,0.0,Unknown,0.0,0.0,0.0
HII,6,0.5153,0.0,0.0,0.0306,6,0.5128,0.5687,Industrials,8782887936.0,16.14,223.83
ARVN,13,0.5152,0.0,0.0769,0.0303,13,0.0,0.0,Unknown,0.0,0.0,0.0
RCAT,54,0.515,0.0,0.0741,0.03,54,0.0,0.0,Unknown,0.0,0.0,0.0
AMLX,6,0.515,0.0,0.0,0.03,6,0.0,0.0,Unknown,0.0,0.0,0.0
VICR,6,0.515,0.0,0.0,0.03,6,0.0,0.0,Unknown,0.0,0.0,0.0
INCY,3,0.5149,0.0,0.0,0.0298,3,0.5927,0.5837,Healthcare,12712710144.0,328.38,65.68
CPB,6,0.5148,0.0,0.0,0.0295,6,0.5072,0.5582,Consumer Defensive,10120297472.0,19.62,33.94
ASC,3,0.5148,0.0,0.0,0.0296,3,0.0,0.0,Unknown,0.0,0.0,0.0
CCI,3,0.5147,0.0,0.3333,0.0293,3,0.3795,0.5445,Real Estate,43454455808.0,NaN,99.79
TZA,4,0.5146,0.0,0.0,0.0292,4,0.0,0.0,Unknown,0.0,0.0,0.0
ELF,24,0.5144,0.0833,0.2083,0.0288,24,0.0,0.0,Unknown,0.0,0.0,0.0
AOSL,3,0.5143,0.0,0.0,0.0286,3,0.0,0.0,Unknown,0.0,0.0,0.0
K,43,0.5142,0.0465,0.2791,0.0283,43,0.5072,0.5582,Consumer Defensive,28566956032.0,20.74,82.34
MO,3,0.5142,0.0,0.0,0.0285,3,0.5072,0.5582,Consumer Defensive,99886202880.0,9.95,59.3
CUBI,10,0.5141,0.0,0.0,0.0281,10,0.0,0.0,Unknown,0.0,0.0,0.0
DORM,5,0.5141,0.4,0.4,0.0283,5,0.0,0.0,Unknown,0.0,0.0,0.0
JOE,3,0.514,0.0,0.0,0.0281,3,0.0,0.0,Unknown,0.0,0.0,0.0
MDCX,3,0.514,0.0,0.0,0.028,3,0.0,0.0,Unknown,0.0,0.0,0.0
SAP,13,0.5137,0.0769,0.1538,0.0273,13,0.0,0.0,Unknown,0.0,0.0,0.0
AKRO,10,0.5136,0.0,0.0,0.0272,10,0.0,0.0,Unknown,0.0,0.0,0.0
LNG,59,0.5135,0.1356,0.2034,0.0269,59,0.0,0.0,Unknown,0.0,0.0,0.0
HON,8,0.5134,0.0,0.25,0.0268,8,0.5128,0.5687,Industrials,144150675456.0,25.79,224.1
BME,5,0.5134,0.2,0.2,0.0267,5,0.0,0.0,Unknown,0.0,0.0,0.0
EHI,3,0.5133,0.0,0.0,0.0266,3,0.0,0.0,Unknown,0.0,0.0,0.0
SRV,3,0.5133,0.0,0.0,0.0265,3,0.0,0.0,Unknown,0.0,0.0,0.0
MPU,4,0.5131,0.0,0.25,0.0262,4,0.0,0.0,Unknown,0.0,0.0,0.0
EQIX,7,0.5129,0.0,0.0,0.0257,7,0.3795,0.5445,Real Estate,87379763200.0,93.05,893.28
VG,7,0.5127,0.0,0.0,0.0255,7,0.0,0.0,Unknown,0.0,0.0,0.0
PAL,6,0.5126,0.0,0.0,0.0251,6,0.0,0.0,Unknown,0.0,0.0,0.0
CMC,3,0.5126,0.0,0.0,0.0253,3,0.0,0.0,Unknown,0.0,0.0,0.0
LKQ,4,0.5125,0.0,0.0,0.025,4,0.4488,0.5652,Consumer Cyclical,10347862016.0,14.9,40.08
GCO,3,0.5124,0.0,0.0,0.0248,3,0.0,0.0,Unknown,0.0,0.0,0.0
IART,26,0.5123,0.0,0.2308,0.0247,26,0.0,0.0,Unknown,0.0,0.0,0.0
EDAP,3,0.5123,0.0,0.0,0.0247,3,0.0,0.0,Unknown,0.0,0.0,0.0
SVNS,3,0.5122,0.0,0.0,0.0244,3,0.0,0.0,Unknown,0.0,0.0,0.0
RCKT,21,0.5121,0.0,0.1429,0.0243,21,0.0,0.0,Unknown,0.0,0.0,0.0
ADPT,4,0.5121,0.0,0.25,0.0242,4,0.0,0.0,Unknown,0.0,0.0,0.0
INFA,19,0.5116,0.5263,0.2632,0.0232,19,0.0,0.0,Unknown,0.0,0.0,0.0
IJR,3,0.5116,0.0,0.0,0.0231,3,0.0,0.0,Unknown,0.0,0.0,0.0
ENSG,4,0.5114,0.0,0.0,0.0227,4,0.0,0.0,Unknown,0.0,0.0,0.0
CCK,3,0.5114,0.0,0.0,0.0227,3,0.0,0.0,Unknown,0.0,0.0,0.0
GCI,3,0.5114,0.0,0.0,0.0227,3,0.0,0.0,Unknown,0.0,0.0,0.0
FLIN,4,0.5112,0.0,0.0,0.0224,4,0.0,0.0,Unknown,0.0,0.0,0.0
BX,4,0.5112,0.0,0.0,0.0225,4,0.3882,0.5556,Financial Services,167383269376.0,41.93,137.96
PAAS,6,0.5108,0.0,0.1667,0.0216,6,0.0,0.0,Unknown,0.0,0.0,0.0
PLUG,4,0.5103,0.0,0.5,0.0206,4,0.0,0.0,Unknown,0.0,0.0,0.0
PACS,28,0.5101,0.0,0.0,0.0203,28,0.0,0.0,Unknown,0.0,0.0,0.0
IOT,5,0.5101,0.0,0.4,0.0202,5,0.0,0.0,Unknown,0.0,0.0,0.0
ACHC,8,0.5097,0.0,0.0,0.0193,8,0.0,0.0,Unknown,0.0,0.0,0.0
USB,3,0.5097,0.0,0.0,0.0194,3,0.3882,0.5556,Financial Services,67377004544.0,10.7,43.24
LPG,8,0.5095,0.0,0.0,0.0191,8,0.0,0.0,Unknown,0.0,0.0,0.0
EOSE,7,0.5095,0.2857,0.4286,0.019,7,0.0,0.0,Unknown,0.0,0.0,0.0
ESS,7,0.5089,0.5714,0.4286,0.0179,7,0.3795,0.5445,Real Estate,19466463232.0,26.95,281.92
SAIC,6,0.5089,0.0,0.0,0.0179,6,0.0,0.0,Unknown,0.0,0.0,0.0
CAT,10,0.5088,0.1,0.2,0.0176,10,0.5128,0.5687,Industrials,164784259072.0,17.07,350.37
GES,3,0.5088,0.3333,0.3333,0.0176,3,0.0,0.0,Unknown,0.0,0.0,0.0
JGH,3,0.5083,0.0,0.0,0.0167,3,0.0,0.0,Unknown,0.0,0.0,0.0
FTI,13,0.5082,0.0,0.0769,0.0163,13,0.0,0.0,Unknown,0.0,0.0,0.0
CPRI,15,0.508,0.0,0.0667,0.016,15,0.0,0.0,Unknown,0.0,0.0,0.0
FLUX,9,0.5079,0.0,0.0,0.0158,9,0.0,0.0,Unknown,0.0,0.0,0.0
SHCR,9,0.5079,0.0,0.0,0.0158,9,0.0,0.0,Unknown,0.0,0.0,0.0
PPC,6,0.5076,0.0,0.0,0.0152,6,0.0,0.0,Unknown,0.0,0.0,0.0
GMED,14,0.5072,0.0,0.0,0.0144,14,0.0,0.0,Unknown,0.0,0.0,0.0
IMAX,4,0.5069,0.0,0.0,0.0139,4,0.0,0.0,Unknown,0.0,0.0,0.0
DEI,7,0.5068,0.1429,0.1429,0.0137,7,0.0,0.0,Unknown,0.0,0.0,0.0
ASM,6,0.5068,0.0,0.0,0.0136,6,0.0,0.0,Unknown,0.0,0.0,0.0
FDX,4,0.5067,0.0,0.0,0.0135,4,0.5128,0.5687,Industrials,52738138112.0,13.84,220.11
TWN,3,0.5067,0.0,0.0,0.0135,3,0.0,0.0,Unknown,0.0,0.0,0.0
BB,9,0.5065,0.1111,0.1111,0.0131,9,0.0,0.0,Unknown,0.0,0.0,0.0
SDGR,31,0.5064,0.0,0.0323,0.0127,31,0.0,0.0,Unknown,0.0,0.0,0.0
NXGPY,4,0.5064,0.0,0.0,0.0128,4,0.0,0.0,Unknown,0.0,0.0,0.0
TCEHY,4,0.5062,0.5,0.5,0.0125,4,0.0,0.0,Unknown,0.0,0.0,0.0
LFCR,6,0.5053,0.0,0.0,0.0105,6,0.0,0.0,Unknown,0.0,0.0,0.0
SUI,6,0.5053,0.0,0.0,0.0105,6,0.0,0.0,Unknown,0.0,0.0,0.0
BRZE,3,0.5052,0.0,0.3333,0.0104,3,0.0,0.0,Unknown,0.0,0.0,0.0
TEM,39,0.5051,0.0769,0.1282,0.0101,39,0.0,0.0,Unknown,0.0,0.0,0.0
BY,12,0.5047,0.25,0.0833,0.0094,12,0.0,0.0,Unknown,0.0,0.0,0.0
SIBN,3,0.5046,0.0,0.0,0.0093,3,0.0,0.0,Unknown,0.0,0.0,0.0
REE,8,0.5045,0.5,0.5,0.009,8,0.0,0.0,Unknown,0.0,0.0,0.0
MKL,3,0.5045,0.0,0.0,0.009,3,0.0,0.0,Unknown,0.0,0.0,0.0
SLB,6,0.5043,0.0,0.0,0.0086,6,0.4139,0.5598,Energy,45169348608.0,11.33,33.44
PSN,3,0.5042,0.0,0.3333,0.0083,3,0.0,0.0,Unknown,0.0,0.0,0.0
CAS,4,0.504,0.0,0.0,0.008,4,0.0,0.0,Unknown,0.0,0.0,0.0
BHVN,11,0.5039,0.0,0.1818,0.0079,11,0.0,0.0,Unknown,0.0,0.0,0.0
GL,8,0.5039,0.0,0.0,0.0079,8,0.3882,0.5556,Financial Services,9906798592.0,9.77,120.02
WEEK,7,0.5038,0.0,0.0,0.0076,7,0.0,0.0,Unknown,0.0,0.0,0.0
GDS,48,0.5037,0.0,0.0625,0.0074,48,0.0,0.0,Unknown,0.0,0.0,0.0
CMI,10,0.5037,0.0,0.0,0.0075,10,0.5128,0.5687,Industrials,44479717376.0,15.91,322.89
CAPR,21,0.5036,0.0,0.1429,0.0072,21,0.0,0.0,Unknown,0.0,0.0,0.0
FLGT,20,0.5036,0.1,0.15,0.0071,20,0.0,0.0,Unknown,0.0,0.0,0.0
RY,4,0.5036,0.5,0.5,0.0071,4,0.0,0.0,Unknown,0.0,0.0,0.0
SAGE,13,0.5035,0.0769,0.0,0.007,13,0.0,0.0,Unknown,0.0,0.0,0.0
DBEU,4,0.5035,0.0,0.5,0.007,4,0.0,0.0,Unknown,0.0,0.0,0.0
UMBF,5,0.5034,0.0,0.0,0.0069,5,0.0,0.0,Unknown,0.0,0.0,0.0
NEXT,3,0.5032,0.0,0.0,0.0064,3,0.0,0.0,Unknown,0.0,0.0,0.0
RMCF,4,0.5031,0.5,0.5,0.0062,4,0.0,0.0,Unknown,0.0,0.0,0.0
GOCO,31,0.503,0.0,0.0968,0.006,31,0.0,0.0,Unknown,0.0,0.0,0.0
LDOS,6,0.503,0.1667,0.3333,0.0059,6,0.5672,0.5757,Technology,19047837696.0,14.92,147.98
MYGN,15,0.5029,0.0,0.0,0.0059,15,0.0,0.0,Unknown,0.0,0.0,0.0
REGN,3,0.5026,0.0,0.0,0.0051,3,0.5927,0.5837,Healthcare,64312590336.0,15.13,595.68
BLK,4,0.5021,0.0,0.0,0.0042,4,0.3882,0.5556,Financial Services,150694969344.0,23.62,972.69
XLP,4,0.5015,0.0,0.0,0.0031,4,0.0,0.0,Unknown,0.0,0.0,0.0
ESMT,9,0.5014,0.0,0.0,0.0028,9,0.0,0.0,Unknown,0.0,0.0,0.0
MEI,9,0.5014,0.0,0.0,0.0028,9,0.0,0.0,Unknown,0.0,0.0,0.0
ROIV,5,0.5012,0.0,0.0,0.0023,5,0.0,0.0,Unknown,0.0,0.0,0.0
DXC,9,0.5,0.0,0.0,0.0,9,0.0,0.0,Unknown,0.0,0.0,0.0
SBC,4,0.5,0.0,0.0,0.0,4,0.0,0.0,Unknown,0.0,0.0,0.0
KLAC,4,0.5,0.0,0.0,0.0,4,0.5672,0.5757,Technology,102474866688.0,28.16,774.91
XOMA,4,0.5,0.0,0.0,0.0,4,0.0,0.0,Unknown,0.0,0.0,0.0
ACGL,4,0.5,0.0,0.0,0.0,4,0.3882,0.5556,Financial Services,34891567104.0,9.55,93.1
CNO,4,0.5,0.0,0.0,0.0,4,0.0,0.0,Unknown,0.0,0.0,0.0
MIRA,4,0.5,0.0,0.0,0.0,4,0.0,0.0,Unknown,0.0,0.0,0.0
AXS,4,0.5,0.0,0.0,0.0,4,0.0,0.0,Unknown,0.0,0.0,0.0
ADP,4,0.5,0.0,0.0,0.0,4,0.5672,0.5757,Technology,131129368576.0,33.0,323.04
IDT,3,0.5,0.0,0.0,0.0,3,0.0,0.0,Unknown,0.0,0.0,0.0
PNC,3,0.5,0.0,0.0,0.0,3,0.3882,0.5556,Financial Services,68773281792.0,12.3,173.86
WBD,3,0.5,0.0,0.0,0.0,3,0.5255,0.5696,Communication Services,24876775424.0,NaN,10.06
AMH,3,0.5,0.0,0.0,0.0,3,0.0,0.0,Unknown,0.0,0.0,0.0
SER,3,0.5,0.0,0.0,0.0,3,0.0,0.0,Unknown,0.0,0.0,0.0
ARAY,3,0.5,0.0,0.0,0.0,3,0.0,0.0,Unknown,0.0,0.0,0.0
BDX,3,0.5,0.0,0.0,0.0,3,0.5927,0.5837,Healthcare,49849552896.0,33.71,173.93
NNE,9,0.4997,0.0,0.1111,-0.0006,9,0.0,0.0,Unknown,0.0,0.0,0.0
SMLR,16,0.4991,0.0,0.0625,-0.0017,16,0.0,0.0,Unknown,0.0,0.0,0.0
NEUP,3,0.499,0.0,0.0,-0.002,3,0.0,0.0,Unknown,0.0,0.0,0.0
FORM,3,0.4979,0.0,0.0,-0.0042,3,0.0,0.0,Unknown,0.0,0.0,0.0
IMVT,5,0.4975,0.0,0.0,-0.005,5,0.0,0.0,Unknown,0.0,0.0,0.0
CWT,4,0.4972,0.0,0.0,-0.0056,4,0.0,0.0,Unknown,0.0,0.0,0.0
IAS,18,0.4971,0.0,0.0,-0.0057,18,0.0,0.0,Unknown,0.0,0.0,0.0
ALNT,4,0.4969,0.0,0.0,-0.0062,4,0.0,0.0,Unknown,0.0,0.0,0.0
TEN,8,0.4959,0.0,0.0,-0.0082,8,0.0,0.0,Unknown,0.0,0.0,0.0
EIX,3,0.4955,0.0,0.0,-0.0091,3,0.6583,0.6078,Utilities,21296687104.0,7.83,55.35
CERE,36,0.4953,0.5,0.2778,-0.0094,36,0.0,0.0,Unknown,0.0,0.0,0.0
SATS,30,0.4949,0.0333,0.1,-0.0102,30,0.0,0.0,Unknown,0.0,0.0,0.0
BAH,6,0.4948,0.0,0.0,-0.0104,6,0.0,0.0,Unknown,0.0,0.0,0.0
TTMI,3,0.4946,0.3333,0.3333,-0.0107,3,0.0,0.0,Unknown,0.0,0.0,0.0
BIP,6,0.4944,0.0,0.0,-0.0112,6,0.0,0.0,Unknown,0.0,0.0,0.0
AGI,5,0.4944,0.4,0.6,-0.0113,5,0.0,0.0,Unknown,0.0,0.0,0.0
SR,3,0.4941,0.0,0.0,-0.0118,3,0.0,0.0,Unknown,0.0,0.0,0.0
SOL,16,0.4938,0.125,0.1875,-0.0125,16,0.0,0.0,Unknown,0.0,0.0,0.0
MODV,10,0.4937,0.0,0.0,-0.0127,10,0.0,0.0,Unknown,0.0,0.0,0.0
LW,9,0.4936,0.0,0.0,-0.0127,9,0.5072,0.5582,Consumer Defensive,7562406400.0,21.02,53.59
ARNC,9,0.4936,0.0,0.0,-0.0127,9,0.0,0.0,Unknown,0.0,0.0,0.0
LUNA,6,0.4936,0.0,0.0,-0.0127,6,0.0,0.0,Unknown,0.0,0.0,0.0
ICU,6,0.4936,0.0,0.0,-0.0127,6,0.0,0.0,Unknown,0.0,0.0,0.0
IRTC,3,0.4936,0.0,0.0,-0.0127,3,0.0,0.0,Unknown,0.0,0.0,0.0
ATKR,3,0.4936,0.0,0.0,-0.0127,3,0.0,0.0,Unknown,0.0,0.0,0.0
ALVR,3,0.4936,0.0,0.0,-0.0127,3,0.0,0.0,Unknown,0.0,0.0,0.0
PBJ,4,0.4932,0.0,0.0,-0.0137,4,0.0,0.0,Unknown,0.0,0.0,0.0
LYFT,3,0.4929,0.0,0.0,-0.0142,3,0.0,0.0,Unknown,0.0,0.0,0.0
PTC,13,0.4927,0.0,0.0,-0.0147,13,0.5672,0.5757,Technology,19996532736.0,45.93,166.71
NHS,3,0.4927,0.0,0.0,-0.0147,3,0.0,0.0,Unknown,0.0,0.0,0.0
EXTR,6,0.4924,0.0,0.0,-0.0152,6,0.0,0.0,Unknown,0.0,0.0,0.0
BLZE,9,0.4921,0.0,0.0,-0.0158,9,0.0,0.0,Unknown,0.0,0.0,0.0
MASS,3,0.4917,0.6667,0.3333,-0.0167,3,0.0,0.0,Unknown,0.0,0.0,0.0
ITRN,5,0.4916,0.0,0.0,-0.0168,5,0.0,0.0,Unknown,0.0,0.0,0.0
LSTR,5,0.4915,0.0,0.0,-0.017,5,0.0,0.0,Unknown,0.0,0.0,0.0
TTGT,9,0.4912,0.0,0.1111,-0.0176,9,0.0,0.0,Unknown,0.0,0.0,0.0
CHPGU,4,0.4912,0.0,0.0,-0.0176,4,0.0,0.0,Unknown,0.0,0.0,0.0
SLQT,21,0.491,0.0,0.0952,-0.0181,21,0.0,0.0,Unknown,0.0,0.0,0.0
BLM,5,0.4906,0.0,0.0,-0.0188,5,0.0,0.0,Unknown,0.0,0.0,0.0
FLOC,17,0.4904,0.1176,0.1765,-0.0193,17,0.0,0.0,Unknown,0.0,0.0,0.0
RGEN,3,0.4901,0.0,0.0,-0.0198,3,0.0,0.0,Unknown,0.0,0.0,0.0
DASH,4,0.4895,0.0,0.0,-0.021,4,0.4488,0.5652,Consumer Cyclical,86109020160.0,257.23,203.21
HUM,10,0.4894,0.0,0.0,-0.0212,10,0.5927,0.5837,Healthcare,27624214528.0,16.15,228.88
DDD,8,0.4894,0.0,0.0,-0.0212,8,0.0,0.0,Unknown,0.0,0.0,0.0
BLCO,8,0.4894,0.0,0.0,-0.0212,8,0.0,0.0,Unknown,0.0,0.0,0.0
WNC,8,0.4894,0.0,0.0,-0.0212,8,0.0,0.0,Unknown,0.0,0.0,0.0
MTUS,8,0.4894,0.0,0.0,-0.0212,8,0.0,0.0,Unknown,0.0,0.0,0.0
ARDX,4,0.4894,0.0,0.0,-0.0212,4,0.0,0.0,Unknown,0.0,0.0,0.0
EVLV,13,0.4891,0.1538,0.1538,-0.0218,13,0.0,0.0,Unknown,0.0,0.0,0.0
CCIF,3,0.4885,0.0,0.0,-0.0229,3,0.0,0.0,Unknown,0.0,0.0,0.0
ANRO,4,0.4883,0.0,0.0,-0.0234,4,0.0,0.0,Unknown,0.0,0.0,0.0
ZEO,3,0.4883,0.0,0.3333,-0.0234,3,0.0,0.0,Unknown,0.0,0.0,0.0
ZIM,7,0.4873,0.5714,0.0,-0.0255,7,0.0,0.0,Unknown,0.0,0.0,0.0
NKE,9,0.4869,0.3333,0.2222,-0.0262,9,0.4488,0.5652,Consumer Cyclical,91533516800.0,20.6,62.02
EGBN,8,0.4867,0.0,0.125,-0.0265,8,0.0,0.0,Unknown,0.0,0.0,0.0
SMA,13,0.4863,0.2308,0.0769,-0.0275,13,0.0,0.0,Unknown,0.0,0.0,0.0
CB,5,0.4861,0.6,0.4,-0.0278,5,0.3882,0.5556,Financial Services,116804018176.0,14.05,291.46
MDU,27,0.486,0.2222,0.1111,-0.028,27,0.0,0.0,Unknown,0.0,0.0,0.0
HODL,4,0.4858,0.25,0.0,-0.0283,4,0.0,0.0,Unknown,0.0,0.0,0.0
ADTN,23,0.4846,0.2174,0.1304,-0.0309,23,0.0,0.0,Unknown,0.0,0.0,0.0
RDDT,15,0.4846,0.2667,0.2,-0.0308,15,0.0,0.0,Unknown,0.0,0.0,0.0
SKF,3,0.4844,0.0,0.0,-0.0312,3,0.0,0.0,Unknown,0.0,0.0,0.0
TTEK,5,0.4843,0.4,0.6,-0.0313,5,0.0,0.0,Unknown,0.0,0.0,0.0
HVO,3,0.4843,0.0,0.0,-0.0314,3,0.0,0.0,Unknown,0.0,0.0,0.0
JENA,4,0.4841,0.0,0.0,-0.0318,4,0.0,0.0,Unknown,0.0,0.0,0.0
TMDX,11,0.4839,0.0909,0.0,-0.0321,11,0.0,0.0,Unknown,0.0,0.0,0.0
AAMI,3,0.4833,0.3333,0.0,-0.0333,3,0.0,0.0,Unknown,0.0,0.0,0.0
DJT,12,0.4825,0.25,0.0833,-0.035,12,0.0,0.0,Unknown,0.0,0.0,0.0
CBL,3,0.4821,0.0,0.0,-0.0357,3,0.0,0.0,Unknown,0.0,0.0,0.0
HLGN,4,0.4817,0.0,0.0,-0.0365,4,0.0,0.0,Unknown,0.0,0.0,0.0
NGS,6,0.4813,0.3333,0.3333,-0.0375,6,0.0,0.0,Unknown,0.0,0.0,0.0
FTXG,4,0.4813,0.0,0.0,-0.0375,4,0.0,0.0,Unknown,0.0,0.0,0.0
TXG,3,0.4807,0.0,0.0,-0.0386,3,0.0,0.0,Unknown,0.0,0.0,0.0
GATX,7,0.4805,0.0,0.1429,-0.039,7,0.0,0.0,Unknown,0.0,0.0,0.0
YEAR,3,0.4801,0.3333,0.0,-0.0398,3,0.0,0.0,Unknown,0.0,0.0,0.0
ADS,31,0.48,0.2258,0.129,-0.0399,31,0.0,0.0,Unknown,0.0,0.0,0.0
CLFD,3,0.4787,0.0,0.0,-0.0426,3,0.0,0.0,Unknown,0.0,0.0,0.0
DYNF,3,0.4778,0.0,0.0,-0.0444,3,0.0,0.0,Unknown,0.0,0.0,0.0
ITOS,3,0.4775,0.6667,0.3333,-0.045,3,0.0,0.0,Unknown,0.0,0.0,0.0
WM,5,0.4767,0.0,0.0,-0.0467,5,0.5128,0.5687,Industrials,95310340096.0,35.67,236.85
SWK,3,0.4762,0.0,0.0,-0.0476,3,0.5128,0.5687,Industrials,10343677952.0,28.33,66.86
GLBE,4,0.4753,0.5,0.5,-0.0493,4,0.0,0.0,Unknown,0.0,0.0,0.0
TRUG,3,0.4749,0.3333,0.3333,-0.0502,3,0.0,0.0,Unknown,0.0,0.0,0.0
SRM,4,0.4744,0.0,0.0,-0.0512,4,0.0,0.0,Unknown,0.0,0.0,0.0
IXHL,6,0.4742,0.0,0.0,-0.0517,6,0.0,0.0,Unknown,0.0,0.0,0.0
IMCC,6,0.4735,0.1667,0.3333,-0.0531,6,0.0,0.0,Unknown,0.0,0.0,0.0
WTI,17,0.4731,0.2353,0.2353,-0.0539,17,0.0,0.0,Unknown,0.0,0.0,0.0
TIL,5,0.4727,0.4,0.2,-0.0545,5,0.0,0.0,Unknown,0.0,0.0,0.0
NYT,3,0.4712,0.6667,0.0,-0.0576,3,0.0,0.0,Unknown,0.0,0.0,0.0
HOWL,3,0.4708,0.6667,0.3333,-0.0583,3,0.0,0.0,Unknown,0.0,0.0,0.0
BOOM,8,0.4706,0.25,0.0,-0.0587,8,0.0,0.0,Unknown,0.0,0.0,0.0
FLN,4,0.47,0.0,0.0,-0.06,4,0.0,0.0,Unknown,0.0,0.0,0.0
RAMM,3,0.4688,0.0,0.0,-0.0625,3,0.0,0.0,Unknown,0.0,0.0,0.0
HUSA,3,0.4685,0.0,0.0,-0.063,3,0.0,0.0,Unknown,0.0,0.0,0.0
MCS,4,0.468,0.25,0.0,-0.064,4,0.0,0.0,Unknown,0.0,0.0,0.0
XLRE,3,0.4665,0.0,0.0,-0.067,3,0.0,0.0,Unknown,0.0,0.0,0.0
GLXY,4,0.4657,0.0,0.0,-0.0687,4,0.0,0.0,Unknown,0.0,0.0,0.0
LPL,13,0.4654,0.3846,0.0,-0.0692,13,0.0,0.0,Unknown,0.0,0.0,0.0
HIVE,13,0.4628,0.3077,0.0,-0.0744,13,0.0,0.0,Unknown,0.0,0.0,0.0
ARB,3,0.4612,0.0,0.0,-0.0775,3,0.0,0.0,Unknown,0.0,0.0,0.0
BEAM,3,0.4562,0.0,0.0,-0.0875,3,0.0,0.0,Unknown,0.0,0.0,0.0
IMUX,3,0.4536,0.3333,0.0,-0.0928,3,0.0,0.0,Unknown,0.0,0.0,0.0
ATR,4,0.4531,0.5,0.25,-0.0938,4,0.0,0.0,Unknown,0.0,0.0,0.0
MLAB,3,0.4528,0.6667,0.3333,-0.0944,3,0.0,0.0,Unknown,0.0,0.0,0.0
MEG,6,0.45,0.0,0.0,-0.1,6,0.0,0.0,Unknown,0.0,0.0,0.0
KIM,3,0.45,0.6667,0.0,-0.1,3,0.3795,0.5445,Real Estate,14406658048.0,28.02,21.3
VIPS,3,0.45,0.0,0.0,-0.1,3,0.0,0.0,Unknown,0.0,0.0,0.0
AXIL,3,0.45,0.0,0.0,-0.1,3,0.0,0.0,Unknown,0.0,0.0,0.0
